Date,Brand,Platform,Mentions,Sentiment,Ad_Spend_USD,Engagement_Score,Traffic_k,Cluster,Cluster_Color
2024-10-28,Trendora,Instagram,145,0.7971532807151038,2109.21,40.14,126.98,2,#ff7f0e
2024-10-28,Trendora,YouTube,158,0.8515772927209789,1267.65,41.92,106.87,2,#ff7f0e
2024-10-28,ChicHive,YouTube,94,0.341262325123045,1275.08,69.77,89.3,0,#1f77b4
2024-10-28,ChicHive,TikTok,96,0.4886389744321241,1248.21,63.43,114.94,0,#1f77b4
2024-10-28,ModaPulse,Twitter,103,0.4273509633866545,2150.28,34.23,104.99,1,#2ca02c
2024-10-28,ModaPulse,Twitter,84,0.7421159731569957,1591.38,62.19,115.96,0,#1f77b4
2024-10-29,Trendora,Instagram,141,0.7313295392507133,716.13,65.54,125.47,2,#ff7f0e
2024-10-29,Trendora,Facebook,171,0.8322641558422915,1096.37,47.64,80.42,2,#ff7f0e
2024-10-29,ChicHive,Twitter,111,0.6515427434352692,794.78,39.16,114.55,1,#2ca02c
2024-10-29,ChicHive,Instagram,107,0.7331622689390036,1417.13,37.53,84.41,1,#2ca02c
2024-10-29,ModaPulse,Twitter,113,0.5281238643232065,1925.74,50.21,149.49,1,#2ca02c
2024-10-29,ModaPulse,Instagram,104,0.4652688090816482,1584.87,76.36,118.1,0,#1f77b4
2024-10-30,Trendora,Twitter,160,0.6946260941335072,2125.86,63.98,110.03,2,#ff7f0e
2024-10-30,Trendora,TikTok,132,0.690870386878788,932.5,63.06,146.06,2,#ff7f0e
2024-10-30,ChicHive,TikTok,116,0.8216841067112274,1292.69,44.87,94.7,1,#2ca02c
2024-10-30,ChicHive,YouTube,89,0.5359696808940415,1700.58,86.64,128.95,0,#1f77b4
2024-10-30,ModaPulse,YouTube,110,0.6145616324022061,2387.46,82.48,112.27,0,#1f77b4
2024-10-30,ModaPulse,Instagram,86,0.7009688254160963,2509.49,85.95,112.7,0,#1f77b4
2024-10-31,Trendora,Facebook,147,0.6485928225209845,1179.09,91.29,125.37,2,#ff7f0e
2024-10-31,Trendora,Twitter,157,0.3966527600206397,1492.58,49.56,78.16,2,#ff7f0e
2024-10-31,ChicHive,Facebook,93,0.6090345314911539,2485.3,33.35,111.94,1,#2ca02c
2024-10-31,ChicHive,Instagram,92,0.5611457032891664,1635.93,45.73,99.82,1,#2ca02c
2024-10-31,ModaPulse,TikTok,105,0.718654792056457,1636.25,53.91,155.13,1,#2ca02c
2024-10-31,ModaPulse,YouTube,101,0.8088488630237854,1802.63,42.12,143.08,1,#2ca02c
2024-11-01,Trendora,Twitter,156,0.46740048534008,1527.43,71.94,133.41,2,#ff7f0e
2024-11-01,Trendora,TikTok,146,0.5627963603108084,1344.69,37.38,97.86,2,#ff7f0e
2024-11-01,ChicHive,Facebook,118,0.7220275826054504,1007.65,83.12,134.1,2,#ff7f0e
2024-11-01,ChicHive,TikTok,92,0.9808744074404,923.98,52.7,129.77,1,#2ca02c
2024-11-01,ModaPulse,Instagram,114,0.4979962917632263,2092.9,40.51,125.66,1,#2ca02c
2024-11-01,ModaPulse,TikTok,105,0.7271102148864959,2069.93,74.97,89.58,0,#1f77b4
2024-11-02,Trendora,TikTok,155,0.5537977494659018,1814.83,51.15,139.25,2,#ff7f0e
2024-11-02,Trendora,Twitter,164,0.8902584283605852,1152.94,53.9,123.65,2,#ff7f0e
2024-11-02,ChicHive,TikTok,93,0.5884347435878844,1636.46,87.98,130.23,0,#1f77b4
2024-11-02,ChicHive,Facebook,100,0.6806940005537994,937.44,76.96,99.14,0,#1f77b4
2024-11-02,ModaPulse,Twitter,93,0.4393661252908331,2192.99,91.13,116.9,0,#1f77b4
2024-11-02,ModaPulse,TikTok,112,0.7110511226921608,2418.23,50.6,111.45,1,#2ca02c
2024-11-03,Trendora,Facebook,137,0.7259771388776772,1654.13,67.05,125.77,2,#ff7f0e
2024-11-03,Trendora,Instagram,151,0.5786594662914458,1848.98,75.66,146.65,2,#ff7f0e
2024-11-03,ChicHive,YouTube,96,0.6772552900812989,1705.51,86.36,100.6,0,#1f77b4
2024-11-03,ChicHive,TikTok,100,0.730787098321859,2032.35,81.73,124.71,0,#1f77b4
2024-11-03,ModaPulse,TikTok,114,0.4840762178193642,1905.27,67.59,119.01,0,#1f77b4
2024-11-03,ModaPulse,Facebook,101,0.5198005887224904,1834.19,32.43,122.0,1,#2ca02c
2024-11-04,Trendora,Instagram,163,0.7096420028643193,1068.9,80.05,133.74,2,#ff7f0e
2024-11-04,Trendora,Facebook,130,0.509369228968594,2455.61,71.43,166.09,0,#1f77b4
2024-11-04,ChicHive,Instagram,100,0.5007320302847418,1840.97,58.53,80.7,1,#2ca02c
2024-11-04,ChicHive,Facebook,89,0.8491952595912231,1627.11,76.45,59.69,0,#1f77b4
2024-11-04,ModaPulse,Twitter,105,0.9183234295518948,2412.99,57.27,101.73,1,#2ca02c
2024-11-04,ModaPulse,YouTube,108,0.4080120400105305,1905.04,36.36,166.8,1,#2ca02c
2024-11-05,Trendora,Twitter,150,0.6621147772910259,1000.89,55.9,158.58,2,#ff7f0e
2024-11-05,Trendora,Twitter,121,0.8984895710726855,1523.4,85.67,178.7,2,#ff7f0e
2024-11-05,ChicHive,Facebook,105,0.6298589543360205,1259.91,31.72,116.18,1,#2ca02c
2024-11-05,ChicHive,Facebook,102,0.6189142241736043,1253.95,65.47,152.78,0,#1f77b4
2024-11-05,ModaPulse,Instagram,120,0.6421487801602549,1750.92,34.63,142.12,1,#2ca02c
2024-11-05,ModaPulse,YouTube,93,0.5303205377032548,2380.8,87.04,156.31,0,#1f77b4
2024-11-06,Trendora,TikTok,159,0.5756507483616891,1275.93,78.79,75.31,2,#ff7f0e
2024-11-06,Trendora,Instagram,161,0.5169144843577218,2121.14,79.05,109.01,2,#ff7f0e
2024-11-06,ChicHive,Twitter,85,0.7958218210731494,1508.4,50.8,94.02,1,#2ca02c
2024-11-06,ChicHive,Instagram,84,0.7280962066601784,2264.93,59.15,126.63,1,#2ca02c
2024-11-06,ModaPulse,Twitter,94,0.7737166310250101,2316.67,81.45,102.52,0,#1f77b4
2024-11-06,ModaPulse,Twitter,101,0.5986774430631289,1876.36,37.61,140.1,1,#2ca02c
2024-11-07,Trendora,Twitter,135,0.5766669406650352,1597.47,35.47,109.17,1,#2ca02c
2024-11-07,Trendora,TikTok,163,0.73057340912912,1961.74,91.57,108.07,2,#ff7f0e
2024-11-07,ChicHive,Instagram,96,0.6466361348397006,2090.14,57.57,92.44,1,#2ca02c
2024-11-07,ChicHive,Instagram,99,0.5993155756514555,2008.46,67.92,119.27,0,#1f77b4
2024-11-07,ModaPulse,Twitter,127,0.7035215987566669,1839.51,44.53,121.74,1,#2ca02c
2024-11-07,ModaPulse,TikTok,101,0.7475256459537698,2910.3,75.22,130.16,0,#1f77b4
2024-11-08,Trendora,Facebook,148,0.8308480955081017,1573.34,32.95,117.23,2,#ff7f0e
2024-11-08,Trendora,Instagram,154,0.8464463689721653,1436.91,52.97,86.12,2,#ff7f0e
2024-11-08,ChicHive,Twitter,102,0.6512633963665739,2250.47,50.12,114.28,1,#2ca02c
2024-11-08,ChicHive,TikTok,89,0.7455785730019816,1796.79,57.19,136.92,1,#2ca02c
2024-11-08,ModaPulse,Facebook,119,0.776916018108193,1812.33,94.17,127.39,0,#1f77b4
2024-11-08,ModaPulse,Twitter,111,0.4353981197150012,1019.09,47.77,97.47,1,#2ca02c
2024-11-09,Trendora,Facebook,165,0.5398569355926108,1443.05,92.01,85.79,2,#ff7f0e
2024-11-09,Trendora,Twitter,156,0.7803237714962806,1168.84,73.65,112.4,2,#ff7f0e
2024-11-09,ChicHive,TikTok,101,0.7768945776095739,1527.01,65.87,125.66,0,#1f77b4
2024-11-09,ChicHive,Facebook,97,0.6249132198762226,2095.62,43.84,121.95,1,#2ca02c
2024-11-09,ModaPulse,YouTube,87,0.7587636730274381,1296.5,55.5,142.15,1,#2ca02c
2024-11-09,ModaPulse,Facebook,95,0.579438326843722,1805.31,70.44,153.36,0,#1f77b4
2024-11-10,Trendora,YouTube,150,0.757609817340896,1486.92,62.02,148.07,2,#ff7f0e
2024-11-10,Trendora,Instagram,140,0.4838206359256002,1059.5,52.47,132.19,2,#ff7f0e
2024-11-10,ChicHive,YouTube,115,0.4521410930496684,1701.62,42.5,79.61,1,#2ca02c
2024-11-10,ChicHive,Facebook,84,0.5161461760149214,926.36,53.68,95.21,1,#2ca02c
2024-11-10,ModaPulse,Facebook,100,0.4950411738011121,2085.59,86.78,141.28,0,#1f77b4
2024-11-10,ModaPulse,Instagram,108,0.5069454416196671,1781.09,61.49,89.3,1,#2ca02c
2024-11-11,Trendora,Instagram,154,0.9467451570251924,1400.39,32.38,141.29,2,#ff7f0e
2024-11-11,Trendora,TikTok,168,0.5518096231305187,1111.09,59.08,121.99,2,#ff7f0e
2024-11-11,ChicHive,Twitter,101,0.4865473882073545,931.1,31.3,73.47,1,#2ca02c
2024-11-11,ChicHive,YouTube,95,0.5018439980830476,1587.29,74.14,122.76,0,#1f77b4
2024-11-11,ModaPulse,Instagram,109,0.6116052461471427,1655.49,68.14,108.99,0,#1f77b4
2024-11-11,ModaPulse,Twitter,87,0.837305727444567,2558.29,67.1,87.26,0,#1f77b4
2024-11-12,Trendora,Instagram,154,0.6024036146317259,1305.15,42.13,99.29,2,#ff7f0e
2024-11-12,Trendora,YouTube,168,0.6182246201002234,498.9,93.85,137.12,2,#ff7f0e
2024-11-12,ChicHive,YouTube,86,0.51348430041475,1802.16,41.11,113.21,1,#2ca02c
2024-11-12,ChicHive,TikTok,102,0.6311255227738704,1873.2,42.16,80.96,1,#2ca02c
2024-11-12,ModaPulse,Facebook,95,0.3558686343175256,2019.23,37.46,81.89,1,#2ca02c
2024-11-12,ModaPulse,TikTok,102,0.7196604471867951,3113.51,33.37,79.72,1,#2ca02c
2024-11-13,Trendora,TikTok,144,0.850943921382166,1269.24,46.55,147.66,2,#ff7f0e
2024-11-13,Trendora,YouTube,153,0.8157457223952004,791.9,90.42,94.18,2,#ff7f0e
2024-11-13,ChicHive,Twitter,86,0.612988468120935,1437.73,67.34,97.0,0,#1f77b4
2024-11-13,ChicHive,Twitter,109,0.617059419031947,1372.61,82.95,92.02,0,#1f77b4
2024-11-13,ModaPulse,Facebook,105,0.7306687055147538,1869.59,55.51,113.75,1,#2ca02c
2024-11-13,ModaPulse,YouTube,96,0.7951578649743449,2420.64,62.68,98.91,0,#1f77b4
2024-11-14,Trendora,Facebook,140,0.8244108371775233,615.55,88.92,97.88,2,#ff7f0e
2024-11-14,Trendora,YouTube,175,0.7430411891836447,1150.08,81.61,109.99,2,#ff7f0e
2024-11-14,ChicHive,Twitter,103,0.6272799382587743,1599.29,39.86,72.72,1,#2ca02c
2024-11-14,ChicHive,TikTok,107,0.4774497841108658,2103.91,86.99,110.05,0,#1f77b4
2024-11-14,ModaPulse,Twitter,95,0.5595187597059943,1608.49,81.82,109.31,0,#1f77b4
2024-11-14,ModaPulse,Instagram,107,0.5171031339979492,2554.36,65.28,145.22,0,#1f77b4
2024-11-15,Trendora,Facebook,141,0.4331919626643581,2098.42,60.03,124.51,1,#2ca02c
2024-11-15,Trendora,Twitter,154,1.0,2212.87,89.96,134.76,2,#ff7f0e
2024-11-15,ChicHive,Instagram,106,0.882303674471255,2038.17,57.57,104.6,1,#2ca02c
2024-11-15,ChicHive,TikTok,118,0.6150143163869547,2515.48,55.94,113.1,1,#2ca02c
2024-11-15,ModaPulse,Facebook,79,0.4481843437109748,1338.06,64.93,114.25,0,#1f77b4
2024-11-15,ModaPulse,TikTok,95,0.6942210020221004,1398.89,59.41,113.48,1,#2ca02c
2024-11-16,Trendora,YouTube,135,0.2954670035587642,1478.28,89.46,147.01,0,#1f77b4
2024-11-16,Trendora,Twitter,155,0.4232642139555859,1093.12,92.47,132.92,2,#ff7f0e
2024-11-16,ChicHive,Instagram,88,0.986003970487479,1523.69,34.36,80.44,1,#2ca02c
2024-11-16,ChicHive,Facebook,115,0.7011420703120163,2527.97,34.27,72.32,1,#2ca02c
2024-11-16,ModaPulse,TikTok,109,0.2023545287410482,2436.6,56.05,90.56,1,#2ca02c
2024-11-16,ModaPulse,Instagram,90,0.6305552697208274,1940.05,47.6,133.19,1,#2ca02c
2024-11-17,Trendora,Instagram,155,0.8403517589721191,2008.62,31.76,102.39,2,#ff7f0e
2024-11-17,Trendora,Twitter,156,0.590752727507817,1539.5,41.61,116.74,2,#ff7f0e
2024-11-17,ChicHive,Instagram,104,0.5639511902762797,1350.07,76.95,105.87,0,#1f77b4
2024-11-17,ChicHive,Facebook,97,0.637913326130683,1237.11,88.26,76.57,0,#1f77b4
2024-11-17,ModaPulse,TikTok,91,0.6489199533363177,1499.55,57.39,88.96,1,#2ca02c
2024-11-17,ModaPulse,Twitter,96,0.4775541886417731,2302.54,56.61,84.67,1,#2ca02c
2024-11-18,Trendora,YouTube,152,0.7316526200803927,1461.31,79.63,144.3,2,#ff7f0e
2024-11-18,Trendora,YouTube,162,0.695356262404514,2362.1,46.76,136.81,2,#ff7f0e
2024-11-18,ChicHive,Instagram,87,0.6027650899598089,1639.03,41.16,59.26,1,#2ca02c
2024-11-18,ChicHive,TikTok,101,0.6827795482964251,1312.34,30.71,113.17,1,#2ca02c
2024-11-18,ModaPulse,Facebook,113,0.8498211666693865,2405.75,41.4,116.05,1,#2ca02c
2024-11-18,ModaPulse,Instagram,97,0.720988987187053,1860.79,69.2,124.96,0,#1f77b4
2024-11-19,Trendora,Instagram,140,0.5615150130833644,959.33,76.74,134.35,2,#ff7f0e
2024-11-19,Trendora,Twitter,149,0.4369639423136969,1538.13,43.97,124.48,2,#ff7f0e
2024-11-19,ChicHive,Twitter,103,0.9840126807403192,1461.58,51.73,91.2,1,#2ca02c
2024-11-19,ChicHive,YouTube,82,0.6363780638418779,2290.01,58.26,98.82,1,#2ca02c
2024-11-19,ModaPulse,TikTok,92,0.6948611608583282,2389.02,47.69,75.93,1,#2ca02c
2024-11-19,ModaPulse,Instagram,84,0.7716202803924627,1472.26,65.22,114.34,0,#1f77b4
2024-11-20,Trendora,TikTok,166,0.7839685671896559,1932.31,75.0,108.66,2,#ff7f0e
2024-11-20,Trendora,TikTok,150,0.7949412450690198,1827.39,32.21,123.35,2,#ff7f0e
2024-11-20,ChicHive,Instagram,106,0.5940667269215018,1772.6,86.03,88.36,0,#1f77b4
2024-11-20,ChicHive,Twitter,111,0.7329776118853581,937.94,37.84,112.53,1,#2ca02c
2024-11-20,ModaPulse,YouTube,82,0.7883634188360281,1642.16,34.25,130.31,1,#2ca02c
2024-11-20,ModaPulse,Instagram,109,0.3105473105528764,2347.11,70.03,127.08,0,#1f77b4
2024-11-21,Trendora,Facebook,140,0.7123425983913135,1926.19,91.04,150.58,2,#ff7f0e
2024-11-21,Trendora,YouTube,146,0.5974852314804815,1867.93,93.97,127.85,0,#1f77b4
2024-11-21,ChicHive,Facebook,108,0.8369358218596068,1290.86,45.52,92.49,1,#2ca02c
2024-11-21,ChicHive,YouTube,93,0.4792819625009512,726.53,74.18,69.82,0,#1f77b4
2024-11-21,ModaPulse,Twitter,109,0.7476483597714876,1914.4,91.41,177.74,0,#1f77b4
2024-11-21,ModaPulse,TikTok,92,0.5004154629680001,2466.84,63.32,160.53,0,#1f77b4
2024-11-22,Trendora,Instagram,140,0.6065289210362853,1277.81,80.67,107.6,2,#ff7f0e
2024-11-22,Trendora,YouTube,137,0.6747827656562059,1818.36,40.0,146.21,1,#2ca02c
2024-11-22,ChicHive,Instagram,110,0.630438453127695,893.7,68.54,79.0,0,#1f77b4
2024-11-22,ChicHive,Facebook,113,0.6247046741155711,1717.4,65.81,127.09,0,#1f77b4
2024-11-22,ModaPulse,Facebook,83,0.3931021157978209,1707.63,77.02,98.98,0,#1f77b4
2024-11-22,ModaPulse,Facebook,91,0.5987582888174926,607.68,68.51,98.24,0,#1f77b4
2024-11-23,Trendora,Facebook,163,0.8022837234439466,2238.68,47.36,126.0,2,#ff7f0e
2024-11-23,Trendora,Instagram,156,0.7458331480565887,1662.25,84.41,137.88,2,#ff7f0e
2024-11-23,ChicHive,YouTube,106,0.807323848655629,1759.48,40.31,90.74,1,#2ca02c
2024-11-23,ChicHive,YouTube,107,0.47496615190811,1667.3,62.99,110.01,0,#1f77b4
2024-11-23,ModaPulse,Facebook,104,0.6968226271711613,2865.3,80.69,126.66,0,#1f77b4
2024-11-23,ModaPulse,TikTok,101,0.539793036400166,2483.59,90.58,83.96,0,#1f77b4
2024-11-24,Trendora,TikTok,132,0.6330349578174207,1577.64,49.56,110.93,1,#2ca02c
2024-11-24,Trendora,Facebook,153,0.7261958904051742,1307.95,86.65,123.2,2,#ff7f0e
2024-11-24,ChicHive,Instagram,108,0.834828604385151,1473.7,74.41,57.48,0,#1f77b4
2024-11-24,ChicHive,Instagram,99,0.5390260684955607,1759.45,44.35,124.68,1,#2ca02c
2024-11-24,ModaPulse,Twitter,83,0.4079543401993658,2348.98,91.81,114.44,0,#1f77b4
2024-11-24,ModaPulse,Twitter,121,0.4279562056899841,1509.1,47.82,161.5,1,#2ca02c
2024-11-25,Trendora,Twitter,168,0.5122690863714333,2077.51,86.18,132.64,2,#ff7f0e
2024-11-25,Trendora,Facebook,137,0.6956612673737694,1783.09,84.91,138.06,2,#ff7f0e
2024-11-25,ChicHive,YouTube,108,0.6294781754552204,1783.6,81.77,74.23,0,#1f77b4
2024-11-25,ChicHive,Instagram,87,0.5925350235526372,956.69,61.95,92.1,0,#1f77b4
2024-11-25,ModaPulse,TikTok,80,0.7260965323483086,1738.95,50.17,113.08,1,#2ca02c
2024-11-25,ModaPulse,Twitter,82,0.5961916430423269,2988.91,48.96,107.6,1,#2ca02c
2024-11-26,Trendora,YouTube,157,0.554953578530618,1480.92,45.73,180.05,2,#ff7f0e
2024-11-26,Trendora,TikTok,157,0.6966095365832771,1149.47,52.79,120.94,2,#ff7f0e
2024-11-26,ChicHive,Instagram,71,0.4497569985157627,1387.56,66.89,124.72,0,#1f77b4
2024-11-26,ChicHive,Facebook,90,0.6934964709981906,1610.2,75.92,80.04,0,#1f77b4
2024-11-26,ModaPulse,Facebook,78,0.7047334970420385,2157.39,76.42,105.51,0,#1f77b4
2024-11-26,ModaPulse,YouTube,110,0.763351497267716,2045.81,83.12,143.75,0,#1f77b4
2024-11-27,Trendora,TikTok,148,0.9603945704747874,1579.16,35.31,94.21,2,#ff7f0e
2024-11-27,Trendora,TikTok,161,0.620605264368067,2686.0,76.75,117.58,2,#ff7f0e
2024-11-27,ChicHive,YouTube,90,0.5613935193864982,832.57,86.44,123.32,0,#1f77b4
2024-11-27,ChicHive,Twitter,98,0.7309737822928724,875.28,77.14,150.04,0,#1f77b4
2024-11-27,ModaPulse,Instagram,100,0.574105905008877,2353.46,47.99,140.01,1,#2ca02c
2024-11-27,ModaPulse,YouTube,91,0.6268911906640026,2550.72,38.55,139.43,1,#2ca02c
2024-11-28,Trendora,Twitter,137,0.6961668893512831,1969.09,46.07,116.08,1,#2ca02c
2024-11-28,Trendora,Instagram,150,0.859360226481268,1037.77,55.42,127.98,2,#ff7f0e
2024-11-28,ChicHive,YouTube,130,0.4057977786418641,1964.33,80.28,61.1,0,#1f77b4
2024-11-28,ChicHive,Instagram,82,0.5591406044250287,661.94,83.88,106.35,0,#1f77b4
2024-11-28,ModaPulse,Instagram,98,0.8251139685951466,2340.09,40.86,141.18,1,#2ca02c
2024-11-28,ModaPulse,Instagram,99,0.783375137233032,2145.06,86.44,152.47,0,#1f77b4
2024-11-29,Trendora,YouTube,138,0.6892598110878904,1485.11,64.53,116.73,2,#ff7f0e
2024-11-29,Trendora,Instagram,173,0.5447567703201801,1264.49,39.64,120.23,2,#ff7f0e
2024-11-29,ChicHive,Instagram,104,0.7497015164789478,341.5,61.78,78.22,2,#ff7f0e
2024-11-29,ChicHive,Twitter,106,0.6605085035031116,1610.63,58.84,83.73,1,#2ca02c
2024-11-29,ModaPulse,YouTube,113,0.7305101596033131,2198.27,91.4,119.23,0,#1f77b4
2024-11-29,ModaPulse,Facebook,103,0.9005110900773157,1820.43,90.51,121.69,0,#1f77b4
2024-11-30,Trendora,Twitter,157,0.7958095333043776,1042.8,55.6,100.71,2,#ff7f0e
2024-11-30,Trendora,Twitter,147,0.7444942479514263,1636.24,78.0,155.88,2,#ff7f0e
2024-11-30,ChicHive,YouTube,114,0.7784205733386961,1008.96,82.51,118.04,2,#ff7f0e
2024-11-30,ChicHive,Instagram,98,0.6953095398322345,1548.2,30.37,74.28,1,#2ca02c
2024-11-30,ModaPulse,YouTube,95,0.8391757594837458,1661.22,55.26,81.18,1,#2ca02c
2024-11-30,ModaPulse,Instagram,96,0.5544696021634203,2067.88,73.43,102.5,0,#1f77b4
2024-12-01,Trendora,Twitter,154,0.8472648230487391,1370.07,63.74,108.64,2,#ff7f0e
2024-12-01,Trendora,Facebook,144,0.6970096907131285,2078.15,64.68,74.4,2,#ff7f0e
2024-12-01,ChicHive,Instagram,103,0.6892131512497929,1841.37,92.11,93.68,0,#1f77b4
2024-12-01,ChicHive,Twitter,118,0.6588126794551303,1424.44,36.59,113.83,1,#2ca02c
2024-12-01,ModaPulse,Facebook,100,0.4517113339273624,1558.56,82.2,72.2,0,#1f77b4
2024-12-01,ModaPulse,Twitter,103,0.6595257998773207,1758.67,37.92,80.33,1,#2ca02c
2024-12-02,Trendora,Instagram,137,0.715806325921894,966.39,76.09,124.01,2,#ff7f0e
2024-12-02,Trendora,Twitter,149,0.5594157926749266,1268.41,71.15,121.59,2,#ff7f0e
2024-12-02,ChicHive,TikTok,123,0.6073290105488556,1516.24,44.83,112.49,1,#2ca02c
2024-12-02,ChicHive,Facebook,97,0.4055436121104236,1389.87,45.4,118.78,1,#2ca02c
2024-12-02,ModaPulse,YouTube,109,0.5557575482561958,2499.1,73.39,125.99,0,#1f77b4
2024-12-02,ModaPulse,YouTube,99,0.4826973544638588,2209.75,86.08,101.63,0,#1f77b4
2024-12-03,Trendora,Facebook,139,0.7065717207968664,1441.2,69.46,81.58,2,#ff7f0e
2024-12-03,Trendora,Twitter,146,0.7401626836546693,1625.75,38.87,119.95,2,#ff7f0e
2024-12-03,ChicHive,Facebook,106,0.8516551221114661,1278.56,75.01,107.57,0,#1f77b4
2024-12-03,ChicHive,Twitter,102,0.5198777475467855,1059.69,53.07,82.22,1,#2ca02c
2024-12-03,ModaPulse,Twitter,81,0.6350678867686121,1377.64,87.21,131.57,0,#1f77b4
2024-12-03,ModaPulse,Instagram,95,0.9176783924438834,2278.0,77.49,168.66,0,#1f77b4
2024-12-04,Trendora,TikTok,149,0.7837490368782583,1530.4,41.39,95.23,2,#ff7f0e
2024-12-04,Trendora,TikTok,151,0.794412037733018,2133.39,52.59,112.33,2,#ff7f0e
2024-12-04,ChicHive,Instagram,105,0.4361530852991131,1373.44,94.51,101.82,0,#1f77b4
2024-12-04,ChicHive,Facebook,111,0.7170117269574874,1200.33,79.09,105.63,0,#1f77b4
2024-12-04,ModaPulse,Twitter,87,0.7062163015032885,2382.68,32.35,93.24,1,#2ca02c
2024-12-04,ModaPulse,Twitter,96,0.4665380847320146,2034.87,49.86,137.7,1,#2ca02c
2024-12-05,Trendora,TikTok,146,0.7582867906796446,2497.2,89.76,126.28,0,#1f77b4
2024-12-05,Trendora,Twitter,165,0.6997674241246146,1324.57,87.07,149.16,2,#ff7f0e
2024-12-05,ChicHive,TikTok,113,0.4997864319535426,1896.82,35.26,70.3,1,#2ca02c
2024-12-05,ChicHive,TikTok,106,0.5470475914911657,1520.21,83.46,104.26,0,#1f77b4
2024-12-05,ModaPulse,YouTube,87,0.5962459561882284,2327.11,69.41,103.74,0,#1f77b4
2024-12-05,ModaPulse,Facebook,100,0.6794539699358164,1851.31,34.43,95.19,1,#2ca02c
2024-12-06,Trendora,TikTok,143,0.5590996909271868,1442.36,71.65,133.5,2,#ff7f0e
2024-12-06,Trendora,Twitter,155,0.5076252068317716,1224.53,94.67,118.43,2,#ff7f0e
2024-12-06,ChicHive,Twitter,79,0.507989600468859,1379.01,74.99,100.39,0,#1f77b4
2024-12-06,ChicHive,Instagram,103,0.4906902477938395,1699.81,57.7,157.22,1,#2ca02c
2024-12-06,ModaPulse,Instagram,87,0.3949681952376868,1910.09,53.9,150.2,1,#2ca02c
2024-12-06,ModaPulse,Twitter,107,0.5525024956108158,1988.04,61.29,115.64,1,#2ca02c
2024-12-07,Trendora,Facebook,160,0.4781632646838806,1573.34,30.79,95.15,2,#ff7f0e
2024-12-07,Trendora,YouTube,152,0.6953591504266563,1022.78,51.1,119.0,2,#ff7f0e
2024-12-07,ChicHive,Twitter,107,0.3942148285602965,854.58,59.86,107.12,1,#2ca02c
2024-12-07,ChicHive,YouTube,94,0.6310640793349427,860.35,84.66,89.83,0,#1f77b4
2024-12-07,ModaPulse,Twitter,99,0.711314305801396,2119.72,71.38,103.99,0,#1f77b4
2024-12-07,ModaPulse,YouTube,100,0.625259278871287,2035.46,74.21,163.05,0,#1f77b4
2024-12-08,Trendora,Facebook,119,0.6452017673031837,1573.87,34.63,99.94,1,#2ca02c
2024-12-08,Trendora,TikTok,142,0.8948216987270577,1772.11,42.04,148.95,2,#ff7f0e
2024-12-08,ChicHive,YouTube,89,0.7778556231994496,1787.58,47.23,115.18,1,#2ca02c
2024-12-08,ChicHive,Facebook,96,0.7966738329477158,1612.47,80.35,76.86,0,#1f77b4
2024-12-08,ModaPulse,YouTube,104,0.5034722654429785,2371.14,93.7,156.39,0,#1f77b4
2024-12-08,ModaPulse,Twitter,108,0.8698907362528498,1658.51,51.99,128.98,1,#2ca02c
2024-12-09,Trendora,Facebook,172,0.543278620896845,713.46,58.56,134.49,2,#ff7f0e
2024-12-09,Trendora,Twitter,140,0.7221548987840165,1584.19,71.98,115.89,2,#ff7f0e
2024-12-09,ChicHive,Twitter,93,0.5749317429320383,1613.03,79.08,130.34,0,#1f77b4
2024-12-09,ChicHive,YouTube,107,0.5789935722086643,1084.48,65.43,112.57,0,#1f77b4
2024-12-09,ModaPulse,Instagram,75,0.6599531927628962,1739.46,83.16,120.76,0,#1f77b4
2024-12-09,ModaPulse,Facebook,111,0.3762095780292938,2920.16,63.04,146.89,0,#1f77b4
2024-12-10,Trendora,YouTube,142,0.8130012431656798,1652.46,71.36,104.44,2,#ff7f0e
2024-12-10,Trendora,TikTok,149,0.7717134994941184,1831.38,94.47,96.83,2,#ff7f0e
2024-12-10,ChicHive,Facebook,85,0.5129214825292916,1735.43,66.08,118.0,0,#1f77b4
2024-12-10,ChicHive,TikTok,90,0.8169755903919866,1611.19,30.34,136.37,1,#2ca02c
2024-12-10,ModaPulse,Facebook,108,0.482265253037664,2259.31,92.27,83.75,0,#1f77b4
2024-12-10,ModaPulse,Facebook,88,0.4340537728157487,1673.13,76.93,67.65,0,#1f77b4
2024-12-11,Trendora,Facebook,167,0.4872451400600452,795.68,75.22,149.16,2,#ff7f0e
2024-12-11,Trendora,YouTube,131,0.614050329251358,2385.7,34.22,112.6,1,#2ca02c
2024-12-11,ChicHive,TikTok,102,0.9092255364954596,1983.35,73.97,84.38,0,#1f77b4
2024-12-11,ChicHive,TikTok,111,0.7241775143943627,1946.36,76.0,83.77,0,#1f77b4
2024-12-11,ModaPulse,TikTok,109,0.4287466328799742,1922.54,51.33,98.92,1,#2ca02c
2024-12-11,ModaPulse,YouTube,91,0.5797135656551953,2075.94,57.38,134.42,1,#2ca02c
2024-12-12,Trendora,Instagram,155,0.6660273851725251,1116.22,84.59,149.97,2,#ff7f0e
2024-12-12,Trendora,Instagram,153,0.409395652528531,935.67,31.7,90.64,2,#ff7f0e
2024-12-12,ChicHive,YouTube,93,0.6484751571277172,1440.96,46.85,125.82,1,#2ca02c
2024-12-12,ChicHive,Instagram,111,0.5707582187356562,1423.16,61.39,134.76,1,#2ca02c
2024-12-12,ModaPulse,Facebook,87,0.5958727642424045,2708.9,58.4,142.5,1,#2ca02c
2024-12-12,ModaPulse,Twitter,88,0.7167163779189025,2158.12,72.7,105.66,0,#1f77b4
2024-12-13,Trendora,TikTok,180,0.6849768885280071,1418.53,47.01,128.88,2,#ff7f0e
2024-12-13,Trendora,TikTok,140,0.6668330357067247,1378.47,80.49,159.2,2,#ff7f0e
2024-12-13,ChicHive,Twitter,81,0.2363639609590587,1853.62,52.58,106.18,1,#2ca02c
2024-12-13,ChicHive,Facebook,102,0.6130996586873113,1456.18,46.91,84.9,1,#2ca02c
2024-12-13,ModaPulse,Facebook,92,0.6440336898249943,1457.37,60.16,122.0,1,#2ca02c
2024-12-13,ModaPulse,YouTube,95,0.6521859174487328,1829.3,46.31,106.45,1,#2ca02c
2024-12-14,Trendora,TikTok,165,0.5476267271532405,1524.67,85.91,112.61,2,#ff7f0e
2024-12-14,Trendora,Facebook,158,0.7228473270364936,1466.94,61.51,99.27,2,#ff7f0e
2024-12-14,ChicHive,Instagram,112,0.2455601346687242,1096.11,72.31,82.23,0,#1f77b4
2024-12-14,ChicHive,Instagram,100,0.611065516183033,1241.1,81.11,98.53,0,#1f77b4
2024-12-14,ModaPulse,YouTube,90,0.5275884716726951,1618.67,79.19,83.85,0,#1f77b4
2024-12-14,ModaPulse,Instagram,113,0.6142490627034457,2126.99,80.18,119.2,0,#1f77b4
2024-12-15,Trendora,TikTok,109,0.8324664665720738,1468.87,65.02,95.66,2,#ff7f0e
2024-12-15,Trendora,Facebook,156,0.6991903935457698,2023.79,92.69,105.8,2,#ff7f0e
2024-12-15,ChicHive,Instagram,90,0.7378843401862805,1232.74,67.54,129.7,0,#1f77b4
2024-12-15,ChicHive,TikTok,97,0.6805115434518691,1012.35,75.23,102.94,0,#1f77b4
2024-12-15,ModaPulse,Twitter,109,0.5497837001840189,1838.54,41.97,127.45,1,#2ca02c
2024-12-15,ModaPulse,TikTok,88,0.7141357114735362,1705.68,87.36,125.09,0,#1f77b4
2024-12-16,Trendora,Twitter,162,0.6880537913131427,1680.95,93.97,148.72,2,#ff7f0e
2024-12-16,Trendora,Instagram,147,0.9148513046826252,1513.09,64.28,113.33,2,#ff7f0e
2024-12-16,ChicHive,Instagram,83,0.6507725765192537,1381.84,83.24,145.2,0,#1f77b4
2024-12-16,ChicHive,YouTube,94,0.6526177763632214,1433.84,53.26,132.65,1,#2ca02c
2024-12-16,ModaPulse,TikTok,100,0.4501046651557633,1798.09,76.28,105.87,0,#1f77b4
2024-12-16,ModaPulse,TikTok,95,0.5383937011346375,2305.44,70.36,151.43,0,#1f77b4
2024-12-17,Trendora,TikTok,145,0.7605595135504913,1490.32,71.22,129.31,2,#ff7f0e
2024-12-17,Trendora,YouTube,144,0.5814900512297082,1339.17,84.41,133.11,2,#ff7f0e
2024-12-17,ChicHive,Twitter,93,0.6189569369319617,2275.57,49.85,125.72,1,#2ca02c
2024-12-17,ChicHive,TikTok,108,0.4024876729766914,1015.16,88.97,120.86,0,#1f77b4
2024-12-17,ModaPulse,YouTube,105,0.580104938042614,1610.19,59.92,123.52,1,#2ca02c
2024-12-17,ModaPulse,YouTube,86,0.7650896410141965,1911.26,85.79,130.54,0,#1f77b4
2024-12-18,Trendora,Twitter,142,0.8108215721331254,1746.15,31.17,142.22,2,#ff7f0e
2024-12-18,Trendora,Facebook,142,0.6209866851017514,1635.81,65.15,103.86,2,#ff7f0e
2024-12-18,ChicHive,YouTube,84,0.5970870591168401,1378.73,49.58,59.84,1,#2ca02c
2024-12-18,ChicHive,Twitter,94,0.7168851051470412,1671.33,68.56,122.48,0,#1f77b4
2024-12-18,ModaPulse,Twitter,115,0.5843326172193792,1932.47,81.65,122.08,0,#1f77b4
2024-12-18,ModaPulse,TikTok,101,0.5299344889813835,2139.01,37.47,149.09,1,#2ca02c
2024-12-19,Trendora,Twitter,131,0.8462796444673644,1700.44,87.13,136.33,2,#ff7f0e
2024-12-19,Trendora,Twitter,147,1.0,2089.62,69.13,111.2,2,#ff7f0e
2024-12-19,ChicHive,Facebook,115,0.8418417386982968,2025.97,68.46,74.64,0,#1f77b4
2024-12-19,ChicHive,Facebook,100,0.7174305365372019,1397.36,72.39,39.93,0,#1f77b4
2024-12-19,ModaPulse,YouTube,123,0.606540366955868,2678.02,71.22,117.36,0,#1f77b4
2024-12-19,ModaPulse,TikTok,96,0.5723465023924356,1911.92,42.75,68.3,1,#2ca02c
2024-12-20,Trendora,YouTube,154,0.7123659629401754,916.98,30.36,147.11,2,#ff7f0e
2024-12-20,Trendora,TikTok,152,0.6133704859738669,1650.94,55.81,115.49,2,#ff7f0e
2024-12-20,ChicHive,Instagram,83,0.5521419096500073,1181.59,62.98,99.54,0,#1f77b4
2024-12-20,ChicHive,Twitter,87,0.761421946896002,948.92,56.72,53.55,1,#2ca02c
2024-12-20,ModaPulse,Instagram,116,0.36282139469518,2358.02,83.55,123.62,0,#1f77b4
2024-12-20,ModaPulse,Instagram,106,0.5077840702264622,1667.08,53.99,64.77,1,#2ca02c
2024-12-21,Trendora,TikTok,133,0.6803114549361542,1530.74,35.21,132.8,1,#2ca02c
2024-12-21,Trendora,Instagram,156,0.6747537649056895,1970.47,30.66,76.65,2,#ff7f0e
2024-12-21,ChicHive,Facebook,104,0.7429704950869868,1614.85,77.06,101.46,0,#1f77b4
2024-12-21,ChicHive,YouTube,88,0.4882823689910209,821.16,61.59,83.86,0,#1f77b4
2024-12-21,ModaPulse,Twitter,102,0.62397845879961,1588.93,52.31,141.39,1,#2ca02c
2024-12-21,ModaPulse,TikTok,112,0.793098658522821,2736.09,47.9,101.36,1,#2ca02c
2024-12-22,Trendora,Twitter,143,0.9088697950096492,1399.98,83.46,74.52,2,#ff7f0e
2024-12-22,Trendora,TikTok,153,0.5960219759145371,2134.26,74.75,139.49,2,#ff7f0e
2024-12-22,ChicHive,Instagram,96,0.4341442997271096,1414.03,87.86,75.89,0,#1f77b4
2024-12-22,ChicHive,Facebook,104,0.5354765046612244,1439.76,50.23,82.16,1,#2ca02c
2024-12-22,ModaPulse,YouTube,105,0.4148476692180116,1763.01,94.22,167.28,0,#1f77b4
2024-12-22,ModaPulse,YouTube,87,0.5306855972022902,2002.2,92.66,108.11,0,#1f77b4
2024-12-23,Trendora,TikTok,146,0.6867455561191996,1352.0,40.4,74.91,2,#ff7f0e
2024-12-23,Trendora,Instagram,169,0.6467519073830068,1462.63,87.75,125.72,2,#ff7f0e
2024-12-23,ChicHive,TikTok,103,0.5839046783993657,1679.09,55.06,113.22,1,#2ca02c
2024-12-23,ChicHive,TikTok,88,0.2941558084491876,2129.13,84.19,106.26,0,#1f77b4
2024-12-23,ModaPulse,YouTube,98,0.4818324372137641,1751.66,33.75,88.46,1,#2ca02c
2024-12-23,ModaPulse,Facebook,95,0.470244116047651,1931.25,70.71,92.3,0,#1f77b4
2024-12-24,Trendora,YouTube,150,0.8651439452497856,2283.34,70.34,108.8,2,#ff7f0e
2024-12-24,Trendora,Twitter,151,0.5086251870145092,1606.35,86.55,164.23,2,#ff7f0e
2024-12-24,ChicHive,Twitter,87,0.6403690411867661,1362.72,47.92,96.88,1,#2ca02c
2024-12-24,ChicHive,TikTok,113,0.4241112586720886,920.78,43.21,78.93,1,#2ca02c
2024-12-24,ModaPulse,Instagram,108,0.2796488679031956,3255.1,67.52,149.85,0,#1f77b4
2024-12-24,ModaPulse,Twitter,108,0.5494653261624763,2466.32,88.05,114.89,0,#1f77b4
2024-12-25,Trendora,Twitter,148,0.7983851164794641,1577.89,31.24,168.93,2,#ff7f0e
2024-12-25,Trendora,Twitter,158,0.6637878384369691,1336.02,53.32,101.32,2,#ff7f0e
2024-12-25,ChicHive,Facebook,110,0.7429687568064129,1705.23,49.15,112.88,1,#2ca02c
2024-12-25,ChicHive,Twitter,88,0.7073487367136836,1778.84,79.8,129.56,0,#1f77b4
2024-12-25,ModaPulse,TikTok,112,0.596021811112641,1647.25,35.05,78.99,1,#2ca02c
2024-12-25,ModaPulse,Twitter,81,0.355116239551186,2042.71,91.6,116.63,0,#1f77b4
2024-12-26,Trendora,YouTube,151,0.7001808213043336,1173.16,81.64,115.52,2,#ff7f0e
2024-12-26,Trendora,TikTok,128,0.7123769048984784,1100.79,48.27,100.91,2,#ff7f0e
2024-12-26,ChicHive,Facebook,97,0.5603227738034083,698.46,44.69,101.97,1,#2ca02c
2024-12-26,ChicHive,YouTube,103,0.6034708084647251,1158.13,87.76,108.38,0,#1f77b4
2024-12-26,ModaPulse,TikTok,100,0.870076677226628,2495.58,34.67,92.37,1,#2ca02c
2024-12-26,ModaPulse,Twitter,106,0.717327391193364,2094.63,63.81,154.24,0,#1f77b4
2024-12-27,Trendora,YouTube,135,0.6961638531712008,792.37,48.48,128.38,2,#ff7f0e
2024-12-27,Trendora,TikTok,124,0.5578761797539338,1249.52,47.95,120.38,1,#2ca02c
2024-12-27,ChicHive,Facebook,106,0.7237647397001452,1153.15,50.56,93.18,1,#2ca02c
2024-12-27,ChicHive,TikTok,93,0.4833691440232533,1910.97,87.97,83.41,0,#1f77b4
2024-12-27,ModaPulse,YouTube,98,0.6585697274893334,1958.71,35.8,118.36,1,#2ca02c
2024-12-27,ModaPulse,Twitter,97,0.8972537709600044,2208.9,73.32,99.59,0,#1f77b4
2024-12-28,Trendora,Facebook,178,0.6073522156848474,1373.57,80.82,109.05,2,#ff7f0e
2024-12-28,Trendora,Facebook,145,0.7209665454649353,366.99,59.75,120.42,2,#ff7f0e
2024-12-28,ChicHive,Facebook,91,0.5237789703529033,1440.89,79.89,130.88,0,#1f77b4
2024-12-28,ChicHive,Facebook,112,0.5519862028583414,1351.76,87.21,152.6,0,#1f77b4
2024-12-28,ModaPulse,YouTube,91,0.3669361850975903,2327.16,38.88,151.86,1,#2ca02c
2024-12-28,ModaPulse,Twitter,94,0.7215093456079037,2619.2,42.95,100.96,1,#2ca02c
2024-12-29,Trendora,Instagram,168,0.6183828996828711,1434.88,37.25,76.4,2,#ff7f0e
2024-12-29,Trendora,Instagram,164,0.7178527609080961,889.87,31.26,91.65,2,#ff7f0e
2024-12-29,ChicHive,Facebook,86,0.2156499511807034,1423.59,64.51,98.07,0,#1f77b4
2024-12-29,ChicHive,Facebook,99,0.6022528839891433,2307.16,50.27,105.41,1,#2ca02c
2024-12-29,ModaPulse,TikTok,109,0.665771360821459,2007.85,38.16,114.06,1,#2ca02c
2024-12-29,ModaPulse,Facebook,93,0.6288352146292846,2392.34,63.67,101.44,0,#1f77b4
2024-12-30,Trendora,YouTube,144,0.7247141261854775,1520.36,85.06,136.76,2,#ff7f0e
2024-12-30,Trendora,Instagram,148,0.8015449581009306,1341.67,44.84,115.51,2,#ff7f0e
2024-12-30,ChicHive,Facebook,92,0.5736218393351893,2164.59,33.76,113.43,1,#2ca02c
2024-12-30,ChicHive,TikTok,82,0.6077439565066812,1235.15,39.15,85.05,1,#2ca02c
2024-12-30,ModaPulse,Instagram,104,0.4332813064594452,2098.6,82.72,87.55,0,#1f77b4
2024-12-30,ModaPulse,Twitter,105,0.836716021186727,2255.41,48.88,114.08,1,#2ca02c
2024-12-31,Trendora,Facebook,149,0.6520228715117734,1560.7,39.57,92.77,2,#ff7f0e
2024-12-31,Trendora,Twitter,181,0.6766267788506345,1501.52,74.18,79.34,2,#ff7f0e
2024-12-31,ChicHive,Twitter,82,0.5729412477356388,2049.14,65.53,85.91,0,#1f77b4
2024-12-31,ChicHive,Twitter,89,0.587544959476084,1679.14,45.73,109.28,1,#2ca02c
2024-12-31,ModaPulse,Instagram,126,0.3602813472174379,2184.87,58.4,102.08,1,#2ca02c
2024-12-31,ModaPulse,Facebook,90,0.6235581872114162,2010.67,93.53,134.3,0,#1f77b4
2025-01-01,Trendora,Twitter,160,0.9706522164680114,1423.64,46.08,154.81,2,#ff7f0e
2025-01-01,Trendora,Facebook,136,0.8762924661736073,1497.46,30.79,159.06,2,#ff7f0e
2025-01-01,ChicHive,TikTok,118,0.4124388399045423,1741.81,50.91,111.74,1,#2ca02c
2025-01-01,ChicHive,YouTube,84,0.7071155249580139,1492.1,73.06,87.84,0,#1f77b4
2025-01-01,ModaPulse,YouTube,86,0.7116287957249905,1927.51,94.56,86.4,0,#1f77b4
2025-01-01,ModaPulse,Instagram,123,0.3595109299776076,2476.78,46.32,105.19,1,#2ca02c
2025-01-02,Trendora,Twitter,152,0.5183242106078828,1792.31,42.45,81.84,2,#ff7f0e
2025-01-02,Trendora,Instagram,118,0.7048863366112842,1585.56,48.36,115.26,1,#2ca02c
2025-01-02,ChicHive,Instagram,123,0.8964660876773227,874.3,63.59,79.87,2,#ff7f0e
2025-01-02,ChicHive,YouTube,96,0.7436823342265464,2064.42,60.96,89.86,1,#2ca02c
2025-01-02,ModaPulse,Facebook,100,0.4121409833380321,2145.45,51.55,110.84,1,#2ca02c
2025-01-02,ModaPulse,Instagram,82,0.6665820345326153,2004.46,56.61,137.74,1,#2ca02c
2025-01-03,Trendora,TikTok,162,0.885367328773323,1071.58,80.12,96.2,2,#ff7f0e
2025-01-03,Trendora,Instagram,166,0.7633982598252405,1270.85,32.44,78.33,2,#ff7f0e
2025-01-03,ChicHive,Instagram,87,0.4986437881257582,1513.66,93.25,81.71,0,#1f77b4
2025-01-03,ChicHive,Twitter,94,0.4465206733022558,1986.95,85.15,120.51,0,#1f77b4
2025-01-03,ModaPulse,Facebook,98,0.7791164104571058,1607.53,83.09,108.49,0,#1f77b4
2025-01-03,ModaPulse,TikTok,115,0.4296808659452804,2583.89,72.97,77.0,0,#1f77b4
2025-01-04,Trendora,Twitter,129,0.5754333390165152,1709.01,80.74,134.21,0,#1f77b4
2025-01-04,Trendora,Twitter,120,0.715796398131863,864.61,76.44,139.82,2,#ff7f0e
2025-01-04,ChicHive,Twitter,108,0.8993501234675947,2743.97,54.0,127.05,1,#2ca02c
2025-01-04,ChicHive,Facebook,99,0.7493298703624621,1934.99,86.01,123.1,0,#1f77b4
2025-01-04,ModaPulse,TikTok,93,0.5162547369080954,1559.94,51.81,146.46,1,#2ca02c
2025-01-04,ModaPulse,Instagram,102,0.7406340183307147,1043.49,40.6,118.13,1,#2ca02c
2025-01-05,Trendora,Facebook,161,0.6559049578503726,1471.36,84.53,118.49,2,#ff7f0e
2025-01-05,Trendora,TikTok,140,0.768219275446357,1577.28,92.86,152.99,2,#ff7f0e
2025-01-05,ChicHive,Instagram,78,0.7048242630303801,1668.39,41.65,106.09,1,#2ca02c
2025-01-05,ChicHive,YouTube,97,0.8080137099196729,1053.14,86.64,74.7,0,#1f77b4
2025-01-05,ModaPulse,Twitter,105,0.7025353984800716,1453.62,67.16,121.74,0,#1f77b4
2025-01-05,ModaPulse,Instagram,93,0.50403532088338,2499.91,51.71,82.12,1,#2ca02c
2025-01-06,Trendora,Facebook,159,0.6196297805421553,817.06,74.55,109.19,2,#ff7f0e
2025-01-06,Trendora,Instagram,145,0.6755018789074152,2054.9,71.1,148.67,2,#ff7f0e
2025-01-06,ChicHive,Facebook,90,0.5379802258315086,1604.11,48.06,87.32,1,#2ca02c
2025-01-06,ChicHive,Facebook,100,0.3497322672133428,2105.44,75.8,84.67,0,#1f77b4
2025-01-06,ModaPulse,Instagram,98,0.3755206117364881,1739.99,43.35,76.31,1,#2ca02c
2025-01-06,ModaPulse,Facebook,93,0.5807937440588082,2035.03,35.0,129.9,1,#2ca02c
2025-01-07,Trendora,Instagram,142,0.9510178135447804,2036.18,72.15,149.75,2,#ff7f0e
2025-01-07,Trendora,Instagram,154,0.8520513610815794,1762.24,86.3,81.59,2,#ff7f0e
2025-01-07,ChicHive,TikTok,122,0.6827214412859285,1636.24,43.17,141.61,1,#2ca02c
2025-01-07,ChicHive,Twitter,105,0.7087085786841388,1517.51,46.45,93.6,1,#2ca02c
2025-01-07,ModaPulse,TikTok,98,0.7686530039805753,1866.37,42.26,98.39,1,#2ca02c
2025-01-07,ModaPulse,Twitter,98,0.578860812858357,2670.99,30.59,107.69,1,#2ca02c
2025-01-08,Trendora,YouTube,153,0.5061605957341572,1775.88,76.41,128.98,2,#ff7f0e
2025-01-08,Trendora,TikTok,139,0.7851912614612697,2182.01,69.44,112.48,2,#ff7f0e
2025-01-08,ChicHive,YouTube,105,0.67495276654544,1688.8,90.63,64.99,0,#1f77b4
2025-01-08,ChicHive,YouTube,103,0.6310162169751624,1561.73,34.45,142.8,1,#2ca02c
2025-01-08,ModaPulse,Twitter,96,0.7609467071649018,2945.55,47.48,140.26,1,#2ca02c
2025-01-08,ModaPulse,Twitter,105,0.5595537562054709,2856.55,46.14,101.23,1,#2ca02c
2025-01-09,Trendora,Twitter,158,0.9988773029752176,1193.34,90.86,108.02,2,#ff7f0e
2025-01-09,Trendora,TikTok,150,0.433974349907558,1817.27,36.85,119.59,1,#2ca02c
2025-01-09,ChicHive,TikTok,108,0.4115239658581116,1825.28,40.37,113.57,1,#2ca02c
2025-01-09,ChicHive,TikTok,114,0.4441710315319679,1222.26,48.8,108.25,1,#2ca02c
2025-01-09,ModaPulse,TikTok,94,1.0,2497.87,53.2,146.22,1,#2ca02c
2025-01-09,ModaPulse,TikTok,109,0.5299795321961206,1541.78,62.87,85.92,0,#1f77b4
2025-01-10,Trendora,TikTok,132,0.7262817128362767,2694.1,42.6,130.44,1,#2ca02c
2025-01-10,Trendora,Twitter,159,0.8270495631534187,1058.79,73.79,128.98,2,#ff7f0e
2025-01-10,ChicHive,Instagram,89,0.5373949779592373,1381.96,40.74,102.8,1,#2ca02c
2025-01-10,ChicHive,Twitter,89,0.8616958759888023,1387.59,53.03,110.62,1,#2ca02c
2025-01-10,ModaPulse,Twitter,85,0.9640074729518284,2173.18,45.95,116.35,1,#2ca02c
2025-01-10,ModaPulse,Twitter,92,0.5110610200427967,2045.02,66.2,131.13,0,#1f77b4
2025-01-11,Trendora,Twitter,147,0.9806447763057672,1655.85,75.64,120.01,2,#ff7f0e
2025-01-11,Trendora,TikTok,147,0.5054247067172685,1719.55,37.5,175.48,1,#2ca02c
2025-01-11,ChicHive,TikTok,103,0.4656980516455463,1336.76,74.98,88.18,0,#1f77b4
2025-01-11,ChicHive,Twitter,115,0.40733544383886,426.08,31.18,106.49,1,#2ca02c
2025-01-11,ModaPulse,Facebook,109,0.993118963654496,1555.21,70.85,92.59,2,#ff7f0e
2025-01-11,ModaPulse,TikTok,101,0.7257355319356711,2144.58,61.53,128.46,1,#2ca02c
2025-01-12,Trendora,TikTok,144,0.5021129208101849,1418.81,85.57,117.75,2,#ff7f0e
2025-01-12,Trendora,TikTok,128,0.8535078372441101,1389.72,65.21,143.52,2,#ff7f0e
2025-01-12,ChicHive,TikTok,130,0.5089949557852055,1584.51,54.41,92.63,1,#2ca02c
2025-01-12,ChicHive,Twitter,95,0.8019267395439937,998.28,34.47,63.23,1,#2ca02c
2025-01-12,ModaPulse,YouTube,96,0.7345599295330698,2509.95,76.07,114.78,0,#1f77b4
2025-01-12,ModaPulse,Twitter,109,0.9165203373128434,2558.64,78.86,130.37,0,#1f77b4
2025-01-13,Trendora,Facebook,162,0.7614644193939246,1155.56,70.33,101.98,2,#ff7f0e
2025-01-13,Trendora,Instagram,138,0.7793246952719529,1642.4,79.32,125.45,2,#ff7f0e
2025-01-13,ChicHive,Twitter,103,0.6285953386897536,1876.52,71.11,97.69,0,#1f77b4
2025-01-13,ChicHive,YouTube,107,0.4174319396470642,1247.88,45.7,74.8,1,#2ca02c
2025-01-13,ModaPulse,TikTok,91,0.6023427500924404,2360.91,42.21,125.56,1,#2ca02c
2025-01-13,ModaPulse,TikTok,96,0.5280994707838722,2443.34,47.68,134.92,1,#2ca02c
2025-01-14,Trendora,Instagram,157,0.7257759009690297,1721.3,51.09,99.56,2,#ff7f0e
2025-01-14,Trendora,Twitter,157,0.6085648256746026,889.63,73.03,135.45,2,#ff7f0e
2025-01-14,ChicHive,YouTube,110,0.4954842272355637,1732.81,35.75,76.26,1,#2ca02c
2025-01-14,ChicHive,Twitter,98,0.8152102469496516,1366.95,66.23,112.29,0,#1f77b4
2025-01-14,ModaPulse,Instagram,95,0.5505828320479362,2292.75,88.56,108.27,0,#1f77b4
2025-01-14,ModaPulse,TikTok,102,0.6966942369476545,2464.56,82.43,99.72,0,#1f77b4
2025-01-15,Trendora,Twitter,140,0.5474975307135254,1402.37,31.46,150.37,1,#2ca02c
2025-01-15,Trendora,Instagram,152,0.6103647046349551,1019.48,30.93,137.3,2,#ff7f0e
2025-01-15,ChicHive,Twitter,108,0.6580212781033804,1936.39,66.62,124.17,0,#1f77b4
2025-01-15,ChicHive,Instagram,102,0.6495860088938153,2207.51,55.3,87.7,1,#2ca02c
2025-01-15,ModaPulse,Facebook,91,0.6551473939487132,1159.99,43.76,147.96,1,#2ca02c
2025-01-15,ModaPulse,TikTok,106,0.6823973466837343,1973.54,73.86,103.67,0,#1f77b4
2025-01-16,Trendora,Instagram,156,0.9943880785796192,1501.48,75.31,87.21,2,#ff7f0e
2025-01-16,Trendora,Facebook,136,0.8301448125859203,1017.6,75.83,129.34,2,#ff7f0e
2025-01-16,ChicHive,Twitter,99,0.5497293328242823,1636.94,31.24,113.08,1,#2ca02c
2025-01-16,ChicHive,Twitter,106,0.799630077055075,1107.9,56.12,176.55,1,#2ca02c
2025-01-16,ModaPulse,Facebook,88,0.657948497671734,1918.21,67.91,76.52,0,#1f77b4
2025-01-16,ModaPulse,Facebook,78,0.7669358501071397,1677.03,69.45,116.27,0,#1f77b4
2025-01-17,Trendora,Facebook,156,0.7944294376332716,1178.27,48.62,127.22,2,#ff7f0e
2025-01-17,Trendora,Instagram,149,0.7112164401882952,1427.03,34.36,107.88,2,#ff7f0e
2025-01-17,ChicHive,Twitter,83,0.5734838755326327,880.55,47.46,57.44,1,#2ca02c
2025-01-17,ChicHive,Twitter,110,0.5305776470490733,1094.03,38.43,80.97,1,#2ca02c
2025-01-17,ModaPulse,Facebook,92,0.5315818758788717,2072.57,43.68,110.51,1,#2ca02c
2025-01-17,ModaPulse,Facebook,95,0.649809787374661,1232.76,66.62,116.25,0,#1f77b4
2025-01-18,Trendora,YouTube,162,0.7275751774483756,2577.21,39.37,84.34,2,#ff7f0e
2025-01-18,Trendora,Twitter,150,0.8172043333543765,745.69,83.45,110.15,2,#ff7f0e
2025-01-18,ChicHive,Twitter,79,0.8608277027779996,1371.5,67.33,128.24,0,#1f77b4
2025-01-18,ChicHive,Twitter,113,0.7022536034855706,1989.54,94.31,103.42,0,#1f77b4
2025-01-18,ModaPulse,Twitter,114,0.5926654224788841,1437.92,78.21,36.88,0,#1f77b4
2025-01-18,ModaPulse,TikTok,111,0.3796614804494709,1890.75,51.34,146.36,1,#2ca02c
2025-01-19,Trendora,Instagram,148,0.6634924030937472,1380.06,91.84,126.55,2,#ff7f0e
2025-01-19,Trendora,Facebook,153,0.5117338376115046,1006.69,65.92,136.52,2,#ff7f0e
2025-01-19,ChicHive,YouTube,96,0.6325163345643944,1061.08,42.04,77.28,1,#2ca02c
2025-01-19,ChicHive,YouTube,90,0.4927427725550062,1652.15,93.05,95.23,0,#1f77b4
2025-01-19,ModaPulse,Facebook,102,0.7826938728458337,1794.72,53.88,122.9,1,#2ca02c
2025-01-19,ModaPulse,Facebook,112,0.4732652319884289,2208.0,44.33,95.55,1,#2ca02c
2025-01-20,Trendora,YouTube,139,0.5742121302329153,1145.33,30.04,127.4,1,#2ca02c
2025-01-20,Trendora,Facebook,154,0.7562825435735743,1443.28,52.83,90.4,2,#ff7f0e
2025-01-20,ChicHive,YouTube,84,0.4595240437815606,1232.89,45.48,98.26,1,#2ca02c
2025-01-20,ChicHive,Facebook,99,0.7334981343325649,1482.1,57.95,69.65,1,#2ca02c
2025-01-20,ModaPulse,YouTube,108,0.5422467282430704,2153.2,31.98,105.02,1,#2ca02c
2025-01-20,ModaPulse,YouTube,100,0.4334994642171109,2008.51,62.58,142.17,0,#1f77b4
2025-01-21,Trendora,Instagram,122,0.3873830590752117,2189.88,84.55,81.17,0,#1f77b4
2025-01-21,Trendora,Instagram,132,0.6547753954718689,1174.16,54.68,106.34,2,#ff7f0e
2025-01-21,ChicHive,Twitter,110,0.5196997369475665,1643.38,80.23,118.85,0,#1f77b4
2025-01-21,ChicHive,Twitter,102,0.4322588768152081,1244.0,31.25,95.84,1,#2ca02c
2025-01-21,ModaPulse,YouTube,111,0.4921751418586904,2298.0,52.43,132.64,1,#2ca02c
2025-01-21,ModaPulse,YouTube,93,0.6293767870516028,1531.1,85.13,148.67,0,#1f77b4
2025-01-22,Trendora,TikTok,159,0.8314070188794691,2089.07,94.36,92.79,2,#ff7f0e
2025-01-22,Trendora,Twitter,129,0.5080944256220732,1171.93,84.25,88.72,0,#1f77b4
2025-01-22,ChicHive,Facebook,119,0.6960719692801235,1423.8,34.02,72.61,1,#2ca02c
2025-01-22,ChicHive,TikTok,100,0.6447587769849457,2330.26,78.83,90.69,0,#1f77b4
2025-01-22,ModaPulse,Facebook,108,0.4576625218762744,2698.95,56.16,113.25,1,#2ca02c
2025-01-22,ModaPulse,Facebook,106,0.6890890101633966,1799.09,52.24,107.68,1,#2ca02c
2025-01-23,Trendora,Twitter,147,0.7528757452535318,1271.86,64.54,118.43,2,#ff7f0e
2025-01-23,Trendora,Twitter,143,0.4224052537457721,1016.39,37.58,114.04,1,#2ca02c
2025-01-23,ChicHive,Twitter,101,0.7895560016482003,1161.47,72.81,147.74,0,#1f77b4
2025-01-23,ChicHive,Facebook,115,0.7214833982491675,1686.69,36.79,112.66,1,#2ca02c
2025-01-23,ModaPulse,TikTok,102,0.8274591082880359,2240.85,32.11,130.58,1,#2ca02c
2025-01-23,ModaPulse,YouTube,85,0.9121148856058784,1302.27,90.99,134.56,0,#1f77b4
2025-01-24,Trendora,Twitter,148,0.6379591699867533,2255.08,44.72,84.59,1,#2ca02c
2025-01-24,Trendora,YouTube,153,0.7979789665870464,1671.83,61.03,130.83,2,#ff7f0e
2025-01-24,ChicHive,Twitter,96,0.5124601010480992,1915.35,43.59,98.29,1,#2ca02c
2025-01-24,ChicHive,Facebook,99,0.4722944324530783,1277.77,82.55,67.47,0,#1f77b4
2025-01-24,ModaPulse,TikTok,111,0.3195387450456869,1844.59,90.62,128.4,0,#1f77b4
2025-01-24,ModaPulse,TikTok,97,0.8935761800459456,2064.23,66.54,121.33,0,#1f77b4
2025-01-25,Trendora,Twitter,158,0.5555901152073082,1417.36,69.83,124.5,2,#ff7f0e
2025-01-25,Trendora,Facebook,128,0.7731120890357265,625.88,84.19,148.6,2,#ff7f0e
2025-01-25,ChicHive,Instagram,110,0.3942489454154301,1216.22,36.88,73.27,1,#2ca02c
2025-01-25,ChicHive,Twitter,105,0.3319581402990227,1433.79,41.82,83.02,1,#2ca02c
2025-01-25,ModaPulse,TikTok,88,0.5859919711650078,1788.27,40.93,123.83,1,#2ca02c
2025-01-25,ModaPulse,Facebook,92,0.7527235871473128,2141.42,90.73,113.6,0,#1f77b4
2025-01-26,Trendora,Twitter,171,0.5096004255179951,2181.01,78.91,169.75,2,#ff7f0e
2025-01-26,Trendora,Twitter,147,0.752641375734356,1380.56,84.14,126.85,2,#ff7f0e
2025-01-26,ChicHive,Facebook,101,0.3049395444619271,1053.13,89.48,116.37,0,#1f77b4
2025-01-26,ChicHive,TikTok,99,0.5290102429750426,1769.18,51.14,55.89,1,#2ca02c
2025-01-26,ModaPulse,TikTok,74,0.5858311928336996,2167.84,77.34,152.7,0,#1f77b4
2025-01-26,ModaPulse,Instagram,97,0.4231775039662804,2029.37,72.87,111.59,0,#1f77b4
2025-01-27,Trendora,Twitter,157,0.5060287684362028,1728.96,49.97,63.8,2,#ff7f0e
2025-01-27,Trendora,Twitter,136,0.8891977152775069,2098.44,88.37,108.1,2,#ff7f0e
2025-01-27,ChicHive,Instagram,83,0.7573060689624845,2162.16,40.6,90.66,1,#2ca02c
2025-01-27,ChicHive,Instagram,98,0.5239092884109281,1533.39,55.54,87.0,1,#2ca02c
2025-01-27,ModaPulse,Instagram,94,0.3403198044832611,2597.98,93.3,76.65,0,#1f77b4
2025-01-27,ModaPulse,YouTube,106,0.6511429035332439,1903.3,65.74,139.5,0,#1f77b4
2025-01-28,Trendora,YouTube,123,0.7648394425951233,1688.02,44.58,135.89,1,#2ca02c
2025-01-28,Trendora,TikTok,173,0.6176876299877772,705.82,86.59,104.75,2,#ff7f0e
2025-01-28,ChicHive,YouTube,83,0.1639517671017538,1350.07,51.74,116.83,1,#2ca02c
2025-01-28,ChicHive,TikTok,89,0.2444621279901281,1743.38,40.0,117.86,1,#2ca02c
2025-01-28,ModaPulse,Twitter,88,0.4268455997650523,1299.27,74.18,159.19,0,#1f77b4
2025-01-28,ModaPulse,Facebook,90,0.4710749940299734,2209.36,88.22,111.86,0,#1f77b4
2025-01-29,Trendora,TikTok,142,0.4799822214076484,1299.44,73.7,132.91,2,#ff7f0e
2025-01-29,Trendora,Instagram,163,0.84594948179995,1692.71,53.43,102.6,2,#ff7f0e
2025-01-29,ChicHive,Facebook,105,0.7339430805163154,2231.85,86.3,92.99,0,#1f77b4
2025-01-29,ChicHive,Twitter,103,0.3261023637558554,765.57,66.68,80.39,0,#1f77b4
2025-01-29,ModaPulse,Twitter,112,0.6277763305244871,2170.18,83.51,156.74,0,#1f77b4
2025-01-29,ModaPulse,YouTube,91,0.6443140929847327,2234.53,36.68,110.1,1,#2ca02c
2025-01-30,Trendora,Instagram,156,0.8775240500334891,1028.78,68.63,160.58,2,#ff7f0e
2025-01-30,Trendora,Facebook,153,0.8375972742038162,1867.19,44.71,100.85,2,#ff7f0e
2025-01-30,ChicHive,TikTok,106,0.805580421599507,1778.08,44.22,126.82,1,#2ca02c
2025-01-30,ChicHive,TikTok,95,0.6488155289150715,1416.39,60.25,113.34,1,#2ca02c
2025-01-30,ModaPulse,TikTok,92,0.4393721371973341,2764.57,65.63,106.35,0,#1f77b4
2025-01-30,ModaPulse,TikTok,102,0.4694615664724162,1690.77,35.84,120.01,1,#2ca02c
2025-01-31,Trendora,Twitter,154,0.6740797393905303,1808.77,39.31,95.06,2,#ff7f0e
2025-01-31,Trendora,TikTok,151,0.8554970244128883,1544.51,73.96,123.81,2,#ff7f0e
2025-01-31,ChicHive,Facebook,94,0.4678397495008061,1215.11,73.02,130.32,0,#1f77b4
2025-01-31,ChicHive,TikTok,95,0.8602247836840842,712.0,38.75,117.72,1,#2ca02c
2025-01-31,ModaPulse,TikTok,84,0.6347168883788358,2258.6,36.72,158.38,1,#2ca02c
2025-01-31,ModaPulse,Twitter,109,0.5014567235402385,1481.0,30.84,101.05,1,#2ca02c
2025-02-01,Trendora,YouTube,151,0.7119396793564055,1721.62,63.44,122.48,2,#ff7f0e
2025-02-01,Trendora,Twitter,146,0.5737432080942986,944.44,36.17,105.12,2,#ff7f0e
2025-02-01,ChicHive,Facebook,94,0.8127797017722055,504.88,86.79,85.95,0,#1f77b4
2025-02-01,ChicHive,Facebook,94,0.7521968079659117,1982.38,50.49,128.55,1,#2ca02c
2025-02-01,ModaPulse,YouTube,87,0.6324937463106928,1589.7,75.07,145.89,0,#1f77b4
2025-02-01,ModaPulse,Twitter,113,0.7229592497536518,2298.01,42.13,155.99,1,#2ca02c
2025-02-02,Trendora,Facebook,148,0.6457805849959021,1666.58,38.16,183.87,2,#ff7f0e
2025-02-02,Trendora,Facebook,151,0.6036708021198594,1972.2,45.19,176.96,2,#ff7f0e
2025-02-02,ChicHive,TikTok,104,0.599639423862172,1264.29,74.81,79.06,0,#1f77b4
2025-02-02,ChicHive,Twitter,103,0.4380911314350968,1638.03,77.46,132.16,0,#1f77b4
2025-02-02,ModaPulse,Instagram,96,0.3951263766876841,1940.41,75.61,69.36,0,#1f77b4
2025-02-02,ModaPulse,Instagram,116,0.7213387083418517,1850.33,79.82,116.11,0,#1f77b4
2025-02-03,Trendora,Twitter,157,0.5552941861373928,2151.39,79.16,63.59,2,#ff7f0e
2025-02-03,Trendora,Facebook,174,0.5232339479709931,1587.21,93.01,95.53,2,#ff7f0e
2025-02-03,ChicHive,Twitter,96,0.6117865544578724,648.51,40.52,48.38,1,#2ca02c
2025-02-03,ChicHive,YouTube,97,0.4971002937420867,1414.67,55.17,124.0,1,#2ca02c
2025-02-03,ModaPulse,YouTube,105,0.5211180486157194,2071.1,82.89,124.31,0,#1f77b4
2025-02-03,ModaPulse,TikTok,124,0.6766294483722476,2977.83,67.81,106.44,0,#1f77b4
2025-02-04,Trendora,Facebook,146,0.658028448643449,1114.18,40.57,98.99,2,#ff7f0e
2025-02-04,Trendora,YouTube,125,0.8014662724742156,1898.35,67.5,126.37,2,#ff7f0e
2025-02-04,ChicHive,Facebook,95,0.4775674133187053,1531.26,66.78,94.89,0,#1f77b4
2025-02-04,ChicHive,Instagram,94,0.720587899632108,1411.32,68.72,71.27,0,#1f77b4
2025-02-04,ModaPulse,YouTube,83,0.6758383862753812,2595.65,83.85,118.85,0,#1f77b4
2025-02-04,ModaPulse,Instagram,104,0.4753093839071534,1717.31,91.16,142.47,0,#1f77b4
2025-02-05,Trendora,Facebook,134,0.7653963084250068,487.1,67.74,124.67,2,#ff7f0e
2025-02-05,Trendora,Instagram,149,0.770899458411507,1264.04,38.59,141.11,2,#ff7f0e
2025-02-05,ChicHive,Instagram,98,0.5174827075595192,1441.19,68.96,94.14,0,#1f77b4
2025-02-05,ChicHive,YouTube,91,0.7211167077012527,1630.34,52.95,130.21,1,#2ca02c
2025-02-05,ModaPulse,Facebook,110,0.6666297490936007,2440.53,80.99,81.96,0,#1f77b4
2025-02-05,ModaPulse,TikTok,125,0.8620108406262519,1462.38,70.67,132.63,2,#ff7f0e
2025-02-06,Trendora,YouTube,152,0.721828179665236,1254.35,79.64,81.39,2,#ff7f0e
2025-02-06,Trendora,Instagram,156,0.7198409185746132,1013.47,41.99,114.75,2,#ff7f0e
2025-02-06,ChicHive,Facebook,90,0.5808517977722715,1275.76,63.26,40.59,0,#1f77b4
2025-02-06,ChicHive,TikTok,111,0.5491962990117187,1208.93,34.63,100.24,1,#2ca02c
2025-02-06,ModaPulse,TikTok,102,0.6235040592369787,2409.41,92.39,172.59,0,#1f77b4
2025-02-06,ModaPulse,TikTok,111,0.689459560367648,1344.96,53.28,122.99,1,#2ca02c
2025-02-07,Trendora,Facebook,177,0.8466723324529299,657.74,34.99,92.16,2,#ff7f0e
2025-02-07,Trendora,Facebook,150,0.9655251423470907,1544.16,77.36,132.69,2,#ff7f0e
2025-02-07,ChicHive,Facebook,94,0.5509474023585343,1414.62,41.64,115.52,1,#2ca02c
2025-02-07,ChicHive,YouTube,101,0.7560282847189128,1141.0,80.86,67.2,0,#1f77b4
2025-02-07,ModaPulse,Instagram,113,0.5247323710782702,1451.01,56.63,105.06,1,#2ca02c
2025-02-07,ModaPulse,YouTube,107,0.7616852609179987,2480.41,82.27,127.07,0,#1f77b4
2025-02-08,Trendora,YouTube,166,0.5806664398088677,1669.76,57.03,64.75,2,#ff7f0e
2025-02-08,Trendora,Instagram,134,0.8656105913923074,1099.58,40.32,112.91,2,#ff7f0e
2025-02-08,ChicHive,Instagram,91,0.5703093406522977,2327.16,57.2,128.57,1,#2ca02c
2025-02-08,ChicHive,TikTok,102,0.3401183963468469,2527.96,67.07,66.04,0,#1f77b4
2025-02-08,ModaPulse,Twitter,91,0.5926455988742945,1935.86,80.71,79.47,0,#1f77b4
2025-02-08,ModaPulse,Twitter,106,0.6650623831329519,2262.78,69.66,140.7,0,#1f77b4
2025-02-09,Trendora,Instagram,150,0.6202818172961178,872.86,68.95,73.81,2,#ff7f0e
2025-02-09,Trendora,Instagram,142,0.7179335386897727,1525.67,91.2,111.0,2,#ff7f0e
2025-02-09,ChicHive,Twitter,89,0.6349180114410246,1197.29,65.78,114.49,0,#1f77b4
2025-02-09,ChicHive,Instagram,115,0.2233747497897822,1874.48,68.8,104.62,0,#1f77b4
2025-02-09,ModaPulse,Twitter,110,0.6481178588899026,2077.62,67.19,105.7,0,#1f77b4
2025-02-09,ModaPulse,Facebook,90,0.4814980796878386,2209.02,68.22,74.13,0,#1f77b4
2025-02-10,Trendora,TikTok,147,0.7106880624866339,982.6,43.91,102.02,2,#ff7f0e
2025-02-10,Trendora,Facebook,162,0.4655365752759378,2034.77,81.91,149.56,2,#ff7f0e
2025-02-10,ChicHive,YouTube,119,0.9455458128157184,908.22,73.1,111.99,2,#ff7f0e
2025-02-10,ChicHive,Facebook,93,0.6298424544724964,1389.35,44.34,111.27,1,#2ca02c
2025-02-10,ModaPulse,YouTube,87,0.9074718143678888,2000.27,45.54,139.79,1,#2ca02c
2025-02-10,ModaPulse,Facebook,94,0.7178718013945213,2223.88,49.72,124.69,1,#2ca02c
2025-02-11,Trendora,TikTok,161,0.552129428699826,1386.34,73.66,133.28,2,#ff7f0e
2025-02-11,Trendora,Twitter,138,0.943374751135152,1225.11,71.94,75.51,2,#ff7f0e
2025-02-11,ChicHive,YouTube,108,0.3685797727185531,1246.9,42.91,102.74,1,#2ca02c
2025-02-11,ChicHive,Facebook,96,0.6113639014797569,896.72,34.06,71.08,1,#2ca02c
2025-02-11,ModaPulse,Instagram,100,0.4783498704556732,1554.38,82.57,110.57,0,#1f77b4
2025-02-11,ModaPulse,YouTube,112,0.7075925371738163,1774.01,74.87,130.58,0,#1f77b4
2025-02-12,Trendora,Facebook,176,0.7010767700361913,665.41,71.97,93.84,2,#ff7f0e
2025-02-12,Trendora,Instagram,143,0.7043654062487533,1448.44,73.05,128.52,2,#ff7f0e
2025-02-12,ChicHive,Facebook,108,0.5786780194589181,1635.47,85.8,110.05,0,#1f77b4
2025-02-12,ChicHive,TikTok,107,0.4917055009312306,1721.35,40.98,90.81,1,#2ca02c
2025-02-12,ModaPulse,Instagram,99,0.4320680807425247,1842.59,84.37,86.38,0,#1f77b4
2025-02-12,ModaPulse,Twitter,107,0.631740057088276,1655.92,83.87,177.37,0,#1f77b4
2025-02-13,Trendora,Instagram,163,0.8827292067631384,1922.95,53.59,129.04,2,#ff7f0e
2025-02-13,Trendora,Twitter,133,0.7912343342960968,1529.09,71.04,124.68,2,#ff7f0e
2025-02-13,ChicHive,YouTube,93,0.5789437411641996,1623.05,80.41,74.44,0,#1f77b4
2025-02-13,ChicHive,Twitter,96,0.5545557934688549,411.09,87.19,123.56,0,#1f77b4
2025-02-13,ModaPulse,Twitter,100,0.5727826396128725,1957.47,73.1,81.16,0,#1f77b4
2025-02-13,ModaPulse,TikTok,98,0.8618807004202735,2204.09,72.17,107.88,0,#1f77b4
2025-02-14,Trendora,Twitter,147,0.8287021292953217,1168.72,63.34,142.41,2,#ff7f0e
2025-02-14,Trendora,TikTok,171,0.4491625338149022,936.36,30.01,109.78,2,#ff7f0e
2025-02-14,ChicHive,Instagram,117,0.4927978984514352,1708.51,37.82,103.74,1,#2ca02c
2025-02-14,ChicHive,TikTok,118,0.5567411699549552,1513.56,52.67,73.95,1,#2ca02c
2025-02-14,ModaPulse,Twitter,96,0.5121108490023367,2131.64,32.31,117.34,1,#2ca02c
2025-02-14,ModaPulse,TikTok,110,0.5319311272253874,2761.77,63.08,104.87,0,#1f77b4
2025-02-15,Trendora,Twitter,165,0.7416037692947013,1491.09,61.41,126.21,2,#ff7f0e
2025-02-15,Trendora,Twitter,131,0.4561600950010822,931.54,83.23,107.07,0,#1f77b4
2025-02-15,ChicHive,YouTube,95,0.4826994761233444,1196.12,34.43,105.88,1,#2ca02c
2025-02-15,ChicHive,YouTube,94,0.4011309342968628,1868.0,88.84,92.47,0,#1f77b4
2025-02-15,ModaPulse,Twitter,100,0.5774519309592192,1869.32,49.37,96.99,1,#2ca02c
2025-02-15,ModaPulse,Instagram,109,0.5261264413749501,1643.51,34.58,127.99,1,#2ca02c
2025-02-16,Trendora,TikTok,170,0.7271594114156623,2021.31,35.06,114.93,2,#ff7f0e
2025-02-16,Trendora,Facebook,165,0.7330527743910318,2127.95,90.76,121.72,2,#ff7f0e
2025-02-16,ChicHive,YouTube,116,0.5753497191171913,1584.84,48.47,78.69,1,#2ca02c
2025-02-16,ChicHive,TikTok,97,0.3805850539333318,1695.24,40.89,78.3,1,#2ca02c
2025-02-16,ModaPulse,Facebook,94,0.6982463376332535,2324.32,71.96,124.09,0,#1f77b4
2025-02-16,ModaPulse,YouTube,84,0.4206564343717181,1798.6,47.81,117.63,1,#2ca02c
2025-02-17,Trendora,Twitter,145,0.6403480459578094,1026.39,91.61,130.09,2,#ff7f0e
2025-02-17,Trendora,TikTok,146,0.6175960217596838,1978.87,42.48,83.1,1,#2ca02c
2025-02-17,ChicHive,Instagram,117,0.7772836639439942,1692.36,34.49,68.77,1,#2ca02c
2025-02-17,ChicHive,Twitter,104,0.4338025436935638,1619.04,82.93,72.89,0,#1f77b4
2025-02-17,ModaPulse,YouTube,96,0.5078515283855558,1716.08,49.49,149.58,1,#2ca02c
2025-02-17,ModaPulse,Twitter,106,0.851085238311309,1805.04,60.49,133.34,1,#2ca02c
2025-02-18,Trendora,Twitter,162,0.8944094592672094,1057.14,31.65,92.25,2,#ff7f0e
2025-02-18,Trendora,YouTube,124,0.8720592066760645,1258.33,35.24,85.41,2,#ff7f0e
2025-02-18,ChicHive,Instagram,88,0.5989432521779168,1413.76,38.01,111.82,1,#2ca02c
2025-02-18,ChicHive,Facebook,91,0.5679791796000871,1901.35,66.01,103.05,0,#1f77b4
2025-02-18,ModaPulse,Instagram,101,0.43539475215434,1409.23,79.39,129.53,0,#1f77b4
2025-02-18,ModaPulse,TikTok,107,0.5796109065216349,1903.87,44.75,78.25,1,#2ca02c
2025-02-19,Trendora,Twitter,147,0.6903883353776925,1714.52,61.79,137.46,2,#ff7f0e
2025-02-19,Trendora,Instagram,152,0.6620572451161354,1283.55,58.19,146.67,2,#ff7f0e
2025-02-19,ChicHive,Facebook,112,0.8090181791286647,1784.22,82.33,91.68,0,#1f77b4
2025-02-19,ChicHive,TikTok,78,0.7640546461037162,1278.26,78.68,148.5,0,#1f77b4
2025-02-19,ModaPulse,TikTok,96,0.6878856301746974,1705.29,65.47,103.64,0,#1f77b4
2025-02-19,ModaPulse,YouTube,108,0.4604003673059419,1646.34,88.37,55.29,0,#1f77b4
2025-02-20,Trendora,Instagram,151,0.648036024098965,855.37,38.02,138.82,2,#ff7f0e
2025-02-20,Trendora,TikTok,164,0.5218801897392342,1689.57,69.02,101.98,2,#ff7f0e
2025-02-20,ChicHive,Facebook,107,0.6090128991922745,1655.32,52.21,85.72,1,#2ca02c
2025-02-20,ChicHive,Twitter,115,0.6294845321463697,1903.2,68.83,86.26,0,#1f77b4
2025-02-20,ModaPulse,YouTube,97,0.5381668882463294,2365.39,86.53,122.42,0,#1f77b4
2025-02-20,ModaPulse,Facebook,112,0.578356808604489,1516.73,75.93,113.71,0,#1f77b4
2025-02-21,Trendora,Facebook,151,0.6129027546169072,1255.45,32.7,135.75,2,#ff7f0e
2025-02-21,Trendora,Twitter,165,0.4184921903975894,1735.46,76.75,117.9,2,#ff7f0e
2025-02-21,ChicHive,YouTube,119,0.5087660238832861,1645.25,49.68,162.12,1,#2ca02c
2025-02-21,ChicHive,TikTok,103,0.7878923579429336,2083.21,93.04,62.6,0,#1f77b4
2025-02-21,ModaPulse,Facebook,108,0.685215480769297,1580.14,70.52,113.77,0,#1f77b4
2025-02-21,ModaPulse,Instagram,101,0.9752467552702668,1435.08,82.34,122.25,0,#1f77b4
2025-02-22,Trendora,Facebook,137,0.9885168692237428,1190.15,58.45,131.09,2,#ff7f0e
2025-02-22,Trendora,Instagram,144,0.4446806940192417,1501.84,51.31,140.5,2,#ff7f0e
2025-02-22,ChicHive,Facebook,107,0.2883282270215704,1371.88,89.83,100.73,0,#1f77b4
2025-02-22,ChicHive,TikTok,107,0.5594584858484752,2456.31,45.38,109.43,1,#2ca02c
2025-02-22,ModaPulse,Facebook,99,0.5267589236322683,2253.33,42.67,159.38,1,#2ca02c
2025-02-22,ModaPulse,YouTube,80,0.6043186220607722,2471.02,47.06,114.69,1,#2ca02c
2025-02-23,Trendora,Facebook,147,1.0,930.53,67.11,89.12,2,#ff7f0e
2025-02-23,Trendora,YouTube,132,0.5316770143178504,1586.97,92.81,111.83,0,#1f77b4
2025-02-23,ChicHive,Twitter,103,0.7293335267830465,933.51,59.62,140.52,1,#2ca02c
2025-02-23,ChicHive,YouTube,93,0.5830379496170647,1849.45,69.67,99.24,0,#1f77b4
2025-02-23,ModaPulse,YouTube,101,0.7398652306432001,1833.96,66.35,96.49,0,#1f77b4
2025-02-23,ModaPulse,Instagram,96,0.6051937108138868,2094.13,90.62,106.5,0,#1f77b4
2025-02-24,Trendora,Twitter,153,0.9193293908076454,1679.45,56.42,128.22,2,#ff7f0e
2025-02-24,Trendora,TikTok,168,0.8260478691377272,1341.54,43.12,100.81,2,#ff7f0e
2025-02-24,ChicHive,TikTok,116,0.4216151302384306,1921.59,41.96,95.92,1,#2ca02c
2025-02-24,ChicHive,Twitter,91,0.8429736907473973,1462.81,60.46,93.85,1,#2ca02c
2025-02-24,ModaPulse,Twitter,91,0.6950491537161088,1720.72,57.66,110.91,1,#2ca02c
2025-02-24,ModaPulse,Instagram,83,0.6074506584450396,1917.55,83.92,139.01,0,#1f77b4
2025-02-25,Trendora,Instagram,156,0.6829779031176788,1588.62,51.59,145.44,2,#ff7f0e
2025-02-25,Trendora,TikTok,173,0.81553756719566,1759.75,34.15,140.28,2,#ff7f0e
2025-02-25,ChicHive,Facebook,97,0.8026609338619708,1854.48,93.48,130.3,0,#1f77b4
2025-02-25,ChicHive,Twitter,98,0.5260282716368777,1229.5,79.15,72.64,0,#1f77b4
2025-02-25,ModaPulse,TikTok,97,0.8444463196669197,1850.93,44.84,116.37,1,#2ca02c
2025-02-25,ModaPulse,TikTok,99,0.5519160626210722,1536.69,33.73,77.96,1,#2ca02c
2025-02-26,Trendora,TikTok,153,0.746151498010167,1061.79,73.21,162.44,2,#ff7f0e
2025-02-26,Trendora,Instagram,147,0.5978675643238152,1387.28,53.94,122.46,2,#ff7f0e
2025-02-26,ChicHive,Twitter,100,0.692832944703473,2155.34,81.86,96.73,0,#1f77b4
2025-02-26,ChicHive,Instagram,99,0.7657412883346457,1193.68,65.73,99.14,0,#1f77b4
2025-02-26,ModaPulse,YouTube,98,0.6789805025508461,1809.04,66.25,73.45,0,#1f77b4
2025-02-26,ModaPulse,Instagram,99,0.6168481748204718,1619.49,38.39,104.9,1,#2ca02c
2025-02-27,Trendora,TikTok,142,0.468579517263565,1435.75,40.8,131.49,1,#2ca02c
2025-02-27,Trendora,YouTube,149,0.6737769454054185,1460.44,76.13,144.39,2,#ff7f0e
2025-02-27,ChicHive,TikTok,84,0.473046042016954,1266.04,32.56,97.55,1,#2ca02c
2025-02-27,ChicHive,Facebook,103,0.4338087493627506,1436.03,64.81,123.41,0,#1f77b4
2025-02-27,ModaPulse,YouTube,99,0.7645950281315563,1373.74,90.25,120.27,0,#1f77b4
2025-02-27,ModaPulse,Facebook,99,0.6841600626038875,1341.25,48.14,135.11,1,#2ca02c
2025-02-28,Trendora,YouTube,124,0.7741095878463279,358.15,46.82,105.48,2,#ff7f0e
2025-02-28,Trendora,Facebook,143,0.6612878935203923,1436.13,67.11,130.75,2,#ff7f0e
2025-02-28,ChicHive,TikTok,116,0.6068237214496128,1723.33,30.92,91.52,1,#2ca02c
2025-02-28,ChicHive,Twitter,106,0.3536169969550318,2295.33,56.37,157.01,1,#2ca02c
2025-02-28,ModaPulse,Twitter,112,0.3939895666545376,2207.96,65.35,123.76,0,#1f77b4
2025-02-28,ModaPulse,TikTok,96,0.8897910562138633,1841.47,52.55,91.73,1,#2ca02c
2025-03-01,Trendora,Instagram,148,0.9179913214063816,1468.71,67.47,146.83,2,#ff7f0e
2025-03-01,Trendora,Facebook,140,0.6179787865641058,813.18,30.59,120.81,2,#ff7f0e
2025-03-01,ChicHive,Facebook,104,0.6739479687771689,1476.99,67.13,126.43,0,#1f77b4
2025-03-01,ChicHive,TikTok,102,0.629819188250828,1197.15,59.76,94.06,1,#2ca02c
2025-03-01,ModaPulse,TikTok,97,0.7139272331229162,1883.3,92.83,72.81,0,#1f77b4
2025-03-01,ModaPulse,Instagram,101,0.5105373722110023,2375.83,33.36,97.5,1,#2ca02c
2025-03-02,Trendora,TikTok,122,0.4962138977113788,1068.11,61.92,94.84,2,#ff7f0e
2025-03-02,Trendora,Twitter,147,0.6120458971043059,1615.86,45.7,121.15,2,#ff7f0e
2025-03-02,ChicHive,Twitter,105,0.4831360890934949,1581.29,74.0,103.63,0,#1f77b4
2025-03-02,ChicHive,Facebook,107,0.5013318916056634,1444.38,44.14,130.13,1,#2ca02c
2025-03-02,ModaPulse,YouTube,82,0.7809912232295873,1389.13,65.41,110.44,0,#1f77b4
2025-03-02,ModaPulse,TikTok,92,0.497925608448749,2659.91,44.13,102.04,1,#2ca02c
2025-03-03,Trendora,Facebook,145,0.6054962530699158,1792.78,34.42,91.57,1,#2ca02c
2025-03-03,Trendora,YouTube,150,0.566075560402288,1540.67,53.38,122.64,2,#ff7f0e
2025-03-03,ChicHive,Instagram,106,0.6231740498392877,1365.38,30.64,56.97,1,#2ca02c
2025-03-03,ChicHive,Instagram,106,0.4625787725127984,1874.83,49.1,85.27,1,#2ca02c
2025-03-03,ModaPulse,Instagram,98,0.7022043489862958,1538.52,69.63,130.55,0,#1f77b4
2025-03-03,ModaPulse,Instagram,93,0.8335322754820038,2344.29,87.79,74.9,0,#1f77b4
2025-03-04,Trendora,Instagram,152,0.6019152417511635,1510.93,45.14,70.85,2,#ff7f0e
2025-03-04,Trendora,YouTube,137,0.6875708991196127,1038.51,60.16,98.87,2,#ff7f0e
2025-03-04,ChicHive,YouTube,113,0.6340551718297334,1370.37,82.52,89.75,0,#1f77b4
2025-03-04,ChicHive,Twitter,104,0.6426713444196708,2243.59,59.79,124.55,1,#2ca02c
2025-03-04,ModaPulse,TikTok,101,0.4991271605990495,2089.31,58.28,129.9,1,#2ca02c
2025-03-04,ModaPulse,Instagram,87,0.3287465351373881,1799.85,36.78,130.96,1,#2ca02c
2025-03-05,Trendora,Twitter,135,0.3442510958711661,2316.83,36.94,142.22,1,#2ca02c
2025-03-05,Trendora,Facebook,163,0.7541799615627097,1337.5,55.03,104.58,2,#ff7f0e
2025-03-05,ChicHive,TikTok,121,0.6772325394114558,1827.97,37.31,77.43,1,#2ca02c
2025-03-05,ChicHive,Facebook,104,0.7420392702535584,1628.35,31.6,95.89,1,#2ca02c
2025-03-05,ModaPulse,Facebook,106,0.6730957855567492,2428.77,72.08,128.81,0,#1f77b4
2025-03-05,ModaPulse,TikTok,98,0.4692343967937634,2432.69,75.6,108.59,0,#1f77b4
2025-03-06,Trendora,Facebook,149,0.541233904953752,500.78,90.36,85.26,2,#ff7f0e
2025-03-06,Trendora,Facebook,151,0.856137112421106,1472.74,61.06,125.75,2,#ff7f0e
2025-03-06,ChicHive,Instagram,96,0.7883105414189844,1878.35,47.43,80.96,1,#2ca02c
2025-03-06,ChicHive,Instagram,105,0.5438201610919075,1900.55,87.9,106.61,0,#1f77b4
2025-03-06,ModaPulse,Instagram,98,0.6340026372741896,1775.38,83.38,108.34,0,#1f77b4
2025-03-06,ModaPulse,TikTok,111,0.3730564850099598,2124.34,42.51,80.53,1,#2ca02c
2025-03-07,Trendora,Facebook,163,0.4094870946246302,1195.46,65.52,125.01,2,#ff7f0e
2025-03-07,Trendora,TikTok,153,0.6521245128096108,1303.3,33.71,107.86,2,#ff7f0e
2025-03-07,ChicHive,Facebook,102,0.790147726678196,1615.49,51.24,127.37,1,#2ca02c
2025-03-07,ChicHive,Twitter,93,0.3437018629286062,1798.83,67.75,134.96,0,#1f77b4
2025-03-07,ModaPulse,TikTok,107,0.5129975501019473,1537.43,38.2,129.58,1,#2ca02c
2025-03-07,ModaPulse,Instagram,104,0.4792860980071891,2746.89,80.8,151.08,0,#1f77b4
2025-03-08,Trendora,Facebook,157,0.6308245401948072,1802.63,71.63,124.99,2,#ff7f0e
2025-03-08,Trendora,Twitter,136,0.6878577690634234,1286.46,62.13,103.65,2,#ff7f0e
2025-03-08,ChicHive,TikTok,117,0.6631049446527718,1268.83,62.54,69.09,2,#ff7f0e
2025-03-08,ChicHive,Facebook,88,0.7013264996519678,2086.75,50.12,113.48,1,#2ca02c
2025-03-08,ModaPulse,YouTube,98,0.4561832315719837,1459.0,66.7,127.86,0,#1f77b4
2025-03-08,ModaPulse,TikTok,93,0.5718844537033707,2117.31,88.95,101.43,0,#1f77b4
2025-03-09,Trendora,TikTok,148,0.5219509917541383,1923.13,42.24,105.67,1,#2ca02c
2025-03-09,Trendora,Instagram,135,0.658526536661987,2043.43,39.19,111.15,1,#2ca02c
2025-03-09,ChicHive,TikTok,87,0.5268441940576882,1929.73,72.63,149.32,0,#1f77b4
2025-03-09,ChicHive,YouTube,105,0.6622764903484607,1889.05,67.02,97.24,0,#1f77b4
2025-03-09,ModaPulse,Twitter,89,0.711368837038893,1744.96,36.96,123.18,1,#2ca02c
2025-03-09,ModaPulse,Facebook,96,0.6130455326363037,1311.06,50.17,71.67,1,#2ca02c
2025-03-10,Trendora,YouTube,175,0.7555317834912612,1733.73,46.43,116.81,2,#ff7f0e
2025-03-10,Trendora,Twitter,170,0.6643397384442422,1116.41,76.76,141.82,2,#ff7f0e
2025-03-10,ChicHive,Twitter,104,0.5193531363330275,1762.16,72.4,140.72,0,#1f77b4
2025-03-10,ChicHive,YouTube,85,0.3588157790356396,1402.29,83.28,110.86,0,#1f77b4
2025-03-10,ModaPulse,Facebook,93,0.817817654877384,2005.66,38.82,107.33,1,#2ca02c
2025-03-10,ModaPulse,Instagram,85,0.4726005771255888,1820.48,35.75,149.13,1,#2ca02c
2025-03-11,Trendora,YouTube,155,0.6150408113177914,1832.65,34.55,138.14,2,#ff7f0e
2025-03-11,Trendora,TikTok,150,0.7205007806744324,2210.43,77.57,108.48,2,#ff7f0e
2025-03-11,ChicHive,TikTok,89,0.5079618591955808,1578.5,53.5,103.57,1,#2ca02c
2025-03-11,ChicHive,YouTube,99,0.6015026885249107,2049.91,68.7,92.12,0,#1f77b4
2025-03-11,ModaPulse,Instagram,114,0.8452599591791279,2524.68,57.13,101.67,1,#2ca02c
2025-03-11,ModaPulse,TikTok,107,0.4995294962886207,1498.62,92.38,120.56,0,#1f77b4
2025-03-12,Trendora,Facebook,147,0.7083795909766745,1376.14,59.6,114.01,2,#ff7f0e
2025-03-12,Trendora,TikTok,147,0.701314522732805,2166.95,45.15,109.71,2,#ff7f0e
2025-03-12,ChicHive,Instagram,110,0.4999216372833742,1206.81,70.82,92.32,0,#1f77b4
2025-03-12,ChicHive,TikTok,92,0.780113844230536,1260.99,61.71,148.71,1,#2ca02c
2025-03-12,ModaPulse,YouTube,90,0.2973991802816383,867.07,66.78,163.71,0,#1f77b4
2025-03-12,ModaPulse,YouTube,102,0.5413902128387718,1935.56,45.98,85.64,1,#2ca02c
2025-03-13,Trendora,YouTube,170,0.7068345821712847,1749.36,71.05,93.13,2,#ff7f0e
2025-03-13,Trendora,YouTube,145,0.7186820203035781,1135.82,80.57,172.68,2,#ff7f0e
2025-03-13,ChicHive,Instagram,91,0.7077626135207461,1436.9,76.18,113.97,0,#1f77b4
2025-03-13,ChicHive,Instagram,105,0.2066671268188586,1130.56,92.78,105.07,0,#1f77b4
2025-03-13,ModaPulse,YouTube,89,0.7234174171251003,1614.94,80.49,145.81,0,#1f77b4
2025-03-13,ModaPulse,TikTok,115,0.8345850217349299,1530.37,94.22,100.28,0,#1f77b4
2025-03-14,Trendora,Facebook,146,0.5444400889645006,1766.15,45.53,103.69,2,#ff7f0e
2025-03-14,Trendora,YouTube,140,0.459235755393408,991.44,30.46,88.82,1,#2ca02c
2025-03-14,ChicHive,TikTok,105,0.571369167067023,1420.72,81.36,87.9,0,#1f77b4
2025-03-14,ChicHive,Instagram,104,0.6185492242726892,2014.15,82.71,84.36,0,#1f77b4
2025-03-14,ModaPulse,Twitter,97,0.8110402118837625,1806.35,61.45,132.25,1,#2ca02c
2025-03-14,ModaPulse,Twitter,90,0.6821483657878789,1814.7,91.9,139.23,0,#1f77b4
2025-03-15,Trendora,Facebook,122,1.0,1973.7,71.93,120.94,2,#ff7f0e
2025-03-15,Trendora,Facebook,173,0.6589748527300052,686.8,62.43,172.81,2,#ff7f0e
2025-03-15,ChicHive,Instagram,82,0.8389004997424325,1507.74,61.54,110.17,1,#2ca02c
2025-03-15,ChicHive,Instagram,89,0.4557172706691076,1066.37,92.55,108.94,0,#1f77b4
2025-03-15,ModaPulse,Twitter,100,0.3952467306860047,2280.6,82.24,42.51,0,#1f77b4
2025-03-15,ModaPulse,Instagram,108,0.6192979421931325,2799.55,35.82,170.69,1,#2ca02c
2025-03-16,Trendora,YouTube,147,0.6646125206031813,1337.25,86.86,129.79,2,#ff7f0e
2025-03-16,Trendora,YouTube,131,0.6008708856659718,1973.7,45.19,105.25,1,#2ca02c
2025-03-16,ChicHive,Instagram,104,0.7007916911721745,1653.68,38.24,106.53,1,#2ca02c
2025-03-16,ChicHive,Facebook,87,0.7534801460021979,1698.73,79.33,78.98,0,#1f77b4
2025-03-16,ModaPulse,Twitter,85,0.696838156826129,2007.75,64.82,146.96,0,#1f77b4
2025-03-16,ModaPulse,Instagram,100,0.5508394274598001,2483.47,84.08,119.16,0,#1f77b4
2025-03-17,Trendora,Twitter,146,1.0,1377.76,45.49,118.33,2,#ff7f0e
2025-03-17,Trendora,Instagram,144,0.9181984718243832,1146.2,59.94,106.99,2,#ff7f0e
2025-03-17,ChicHive,Facebook,94,0.6729277187342908,720.25,65.86,81.23,0,#1f77b4
2025-03-17,ChicHive,YouTube,128,0.2934094958021106,1155.81,59.75,79.73,1,#2ca02c
2025-03-17,ModaPulse,Instagram,108,0.8140958046433824,1832.23,52.02,85.28,1,#2ca02c
2025-03-17,ModaPulse,TikTok,107,0.6450085238266934,1857.95,86.84,130.37,0,#1f77b4
2025-03-18,Trendora,TikTok,145,0.7941409446342746,1388.2,38.23,119.28,2,#ff7f0e
2025-03-18,Trendora,TikTok,129,0.5007246206477314,1772.09,65.41,115.03,0,#1f77b4
2025-03-18,ChicHive,Instagram,93,0.7303158750886156,1025.47,33.38,101.26,1,#2ca02c
2025-03-18,ChicHive,Facebook,94,0.8234703947357029,1166.11,79.16,63.77,0,#1f77b4
2025-03-18,ModaPulse,Instagram,101,0.7028384619447624,1943.34,71.43,116.09,0,#1f77b4
2025-03-18,ModaPulse,YouTube,96,0.8105302997931265,2118.4,40.93,129.82,1,#2ca02c
2025-03-19,Trendora,TikTok,150,0.7796539142341314,1559.55,67.69,104.09,2,#ff7f0e
2025-03-19,Trendora,YouTube,126,0.7085389631306164,1229.12,84.35,130.39,2,#ff7f0e
2025-03-19,ChicHive,Twitter,88,0.4969478850450753,959.78,46.55,35.66,1,#2ca02c
2025-03-19,ChicHive,YouTube,88,0.5539349691468259,1286.3,84.37,103.77,0,#1f77b4
2025-03-19,ModaPulse,YouTube,100,0.4133186249872915,2093.15,42.85,141.72,1,#2ca02c
2025-03-19,ModaPulse,YouTube,91,0.3474982958140751,2233.65,49.32,135.35,1,#2ca02c
2025-03-20,Trendora,Instagram,134,0.8490673321795659,2049.57,80.88,124.29,2,#ff7f0e
2025-03-20,Trendora,Twitter,136,0.7586410897421378,1330.11,34.71,132.5,2,#ff7f0e
2025-03-20,ChicHive,YouTube,106,0.6341243813598081,1754.39,35.88,74.67,1,#2ca02c
2025-03-20,ChicHive,Facebook,78,0.3469164375096448,1398.34,52.8,75.83,1,#2ca02c
2025-03-20,ModaPulse,Facebook,109,0.54121848519197,1592.89,54.27,129.52,1,#2ca02c
2025-03-20,ModaPulse,Instagram,106,0.5332578554306746,1675.23,70.83,113.14,0,#1f77b4
2025-03-21,Trendora,YouTube,161,0.8240673142848651,1563.19,66.02,109.46,2,#ff7f0e
2025-03-21,Trendora,YouTube,164,0.5303436438556172,1856.21,88.11,129.15,2,#ff7f0e
2025-03-21,ChicHive,Twitter,117,0.849559924821521,1622.1,79.2,71.55,0,#1f77b4
2025-03-21,ChicHive,YouTube,109,0.6546719591769736,1470.0,41.31,78.56,1,#2ca02c
2025-03-21,ModaPulse,TikTok,95,0.7644820677345381,1123.5,70.27,144.24,0,#1f77b4
2025-03-21,ModaPulse,Instagram,91,0.6707028736241593,1926.45,93.36,124.71,0,#1f77b4
2025-03-22,Trendora,Instagram,164,0.8474024714154911,939.97,52.75,175.14,2,#ff7f0e
2025-03-22,Trendora,Instagram,155,0.8799005171392376,1909.51,42.67,109.91,2,#ff7f0e
2025-03-22,ChicHive,Instagram,111,0.7184879583271278,1887.83,43.49,126.47,1,#2ca02c
2025-03-22,ChicHive,Instagram,98,0.6297197476703813,1046.29,55.31,96.21,1,#2ca02c
2025-03-22,ModaPulse,YouTube,123,0.5016468420807835,1905.72,77.1,145.85,0,#1f77b4
2025-03-22,ModaPulse,Twitter,98,0.4966896423074208,1778.41,58.8,152.72,1,#2ca02c
2025-03-23,Trendora,Instagram,145,0.9067704441192256,1546.33,53.51,171.08,2,#ff7f0e
2025-03-23,Trendora,YouTube,141,0.7435369848500548,1557.96,67.52,127.02,2,#ff7f0e
2025-03-23,ChicHive,Twitter,104,0.6288895378096957,2456.84,65.47,83.28,0,#1f77b4
2025-03-23,ChicHive,TikTok,97,0.5663065614612783,1625.06,63.07,144.56,0,#1f77b4
2025-03-23,ModaPulse,TikTok,92,0.5364360476965945,1818.63,59.95,95.47,1,#2ca02c
2025-03-23,ModaPulse,Instagram,104,0.4754549202023688,1875.46,34.75,150.7,1,#2ca02c
2025-03-24,Trendora,Facebook,153,0.7013175482347221,1404.93,32.44,139.68,2,#ff7f0e
2025-03-24,Trendora,YouTube,148,0.7194309458809071,1310.33,60.27,124.73,2,#ff7f0e
2025-03-24,ChicHive,Facebook,92,0.9415629747079955,1006.2,53.19,100.35,1,#2ca02c
2025-03-24,ChicHive,TikTok,111,0.4106926465175498,1703.39,89.29,95.28,0,#1f77b4
2025-03-24,ModaPulse,Facebook,91,0.7096500940178222,2215.37,92.91,125.81,0,#1f77b4
2025-03-24,ModaPulse,YouTube,101,0.7352244799714098,1897.12,70.85,79.66,0,#1f77b4
2025-03-25,Trendora,TikTok,152,0.7748643724206623,823.09,35.73,157.7,2,#ff7f0e
2025-03-25,Trendora,Twitter,142,0.6219341521911833,1234.32,85.7,72.34,2,#ff7f0e
2025-03-25,ChicHive,Instagram,105,0.651249034792894,1391.47,33.88,91.86,1,#2ca02c
2025-03-25,ChicHive,Twitter,94,0.7110818048811655,1875.99,55.74,90.26,1,#2ca02c
2025-03-25,ModaPulse,Twitter,90,0.711547766331026,1918.05,79.53,127.66,0,#1f77b4
2025-03-25,ModaPulse,Facebook,99,0.6004814801645246,1825.12,40.2,79.36,1,#2ca02c
2025-03-26,Trendora,Instagram,177,0.7914289067812901,877.85,76.89,158.59,2,#ff7f0e
2025-03-26,Trendora,Instagram,152,0.7128082915202437,806.61,31.37,125.54,2,#ff7f0e
2025-03-26,ChicHive,Facebook,107,0.7434442503137019,2429.87,92.97,81.61,0,#1f77b4
2025-03-26,ChicHive,Facebook,101,0.5960092342444527,1750.78,42.43,93.07,1,#2ca02c
2025-03-26,ModaPulse,TikTok,103,0.5827335459115142,1861.63,47.24,127.83,1,#2ca02c
2025-03-26,ModaPulse,Instagram,93,0.6194747874432048,2023.04,34.59,103.2,1,#2ca02c
2025-03-27,Trendora,Instagram,173,0.854315348713522,1700.67,72.09,120.81,2,#ff7f0e
2025-03-27,Trendora,Facebook,133,0.8208390752492764,1598.69,61.36,95.12,2,#ff7f0e
2025-03-27,ChicHive,Twitter,104,0.5940158424372431,938.3,91.78,69.16,0,#1f77b4
2025-03-27,ChicHive,TikTok,106,0.3152215454903143,1206.08,44.15,58.58,1,#2ca02c
2025-03-27,ModaPulse,TikTok,128,0.5613569271733508,1972.15,44.42,103.74,1,#2ca02c
2025-03-27,ModaPulse,TikTok,83,0.6915560549587927,2235.4,89.48,136.67,0,#1f77b4
2025-03-28,Trendora,Instagram,165,0.7588951173476451,1681.43,63.05,134.57,2,#ff7f0e
2025-03-28,Trendora,TikTok,136,0.6323981475253401,1752.85,42.15,104.43,1,#2ca02c
2025-03-28,ChicHive,Twitter,96,0.7361943470440573,1549.39,90.2,119.95,0,#1f77b4
2025-03-28,ChicHive,YouTube,114,0.4234992256394905,1011.13,82.32,110.49,0,#1f77b4
2025-03-28,ModaPulse,Instagram,129,0.4696069519517034,1995.65,66.34,90.81,0,#1f77b4
2025-03-28,ModaPulse,YouTube,98,0.6013711013733949,3020.47,30.55,136.26,1,#2ca02c
2025-03-29,Trendora,Instagram,160,0.6244645571638423,1439.75,79.07,95.2,2,#ff7f0e
2025-03-29,Trendora,Instagram,153,0.6169457270296791,2047.45,66.41,95.02,2,#ff7f0e
2025-03-29,ChicHive,Instagram,97,0.5812669671974898,1506.28,35.1,111.5,1,#2ca02c
2025-03-29,ChicHive,Instagram,93,0.6339758028172933,1896.7,91.22,104.48,0,#1f77b4
2025-03-29,ModaPulse,YouTube,107,0.4623035843083896,2692.47,60.6,114.3,1,#2ca02c
2025-03-29,ModaPulse,Twitter,94,0.8158239569181334,2174.27,47.7,135.5,1,#2ca02c
2025-03-30,Trendora,Facebook,133,0.7224184134494964,1808.3,64.68,77.27,2,#ff7f0e
2025-03-30,Trendora,YouTube,162,0.884463269583697,1789.74,50.04,121.53,2,#ff7f0e
2025-03-30,ChicHive,Facebook,113,0.6436447095206164,1297.2,42.98,100.77,1,#2ca02c
2025-03-30,ChicHive,Twitter,107,0.2505837523316136,1337.6,65.15,36.33,0,#1f77b4
2025-03-30,ModaPulse,Instagram,110,0.6900319448616417,2383.17,66.13,101.62,0,#1f77b4
2025-03-30,ModaPulse,Twitter,87,0.8500519058035606,2884.96,51.97,129.79,1,#2ca02c
2025-03-31,Trendora,TikTok,169,0.6847007925046101,1163.03,79.16,119.33,2,#ff7f0e
2025-03-31,Trendora,TikTok,168,0.9184492707969376,1850.94,88.26,115.08,2,#ff7f0e
2025-03-31,ChicHive,YouTube,106,0.4551326050704061,1284.57,45.56,61.82,1,#2ca02c
2025-03-31,ChicHive,Instagram,95,0.5244806484148412,1744.8,58.72,56.86,1,#2ca02c
2025-03-31,ModaPulse,Instagram,95,0.6408632094980414,2166.99,51.58,103.54,1,#2ca02c
2025-03-31,ModaPulse,Instagram,87,0.669368097919069,1757.97,34.11,138.35,1,#2ca02c
2025-04-01,Trendora,Twitter,134,0.4996206393747079,1789.65,66.09,172.86,0,#1f77b4
2025-04-01,Trendora,YouTube,140,0.7562753521087703,1945.27,31.05,92.67,1,#2ca02c
2025-04-01,ChicHive,YouTube,96,0.4836187765250274,1531.59,81.36,116.93,0,#1f77b4
2025-04-01,ChicHive,YouTube,110,0.4380674382540855,1829.09,53.11,130.61,1,#2ca02c
2025-04-01,ModaPulse,YouTube,110,0.8360601324832659,2182.68,54.63,110.37,1,#2ca02c
2025-04-01,ModaPulse,YouTube,101,0.3197997169993884,2305.79,83.54,95.49,0,#1f77b4
2025-04-02,Trendora,TikTok,165,0.6806448827305324,1159.34,45.0,144.35,2,#ff7f0e
2025-04-02,Trendora,Facebook,128,0.5879727611511872,2262.92,35.83,84.1,1,#2ca02c
2025-04-02,ChicHive,Instagram,95,0.3734938182022121,1411.78,90.67,75.39,0,#1f77b4
2025-04-02,ChicHive,Facebook,102,0.5323094203605705,1570.07,86.02,75.87,0,#1f77b4
2025-04-02,ModaPulse,Twitter,105,0.6713382653892873,1301.24,49.78,150.64,1,#2ca02c
2025-04-02,ModaPulse,Twitter,93,0.5724885019061936,1881.18,48.54,112.48,1,#2ca02c
2025-04-03,Trendora,Facebook,167,0.5419246756953481,1671.13,57.94,144.99,2,#ff7f0e
2025-04-03,Trendora,YouTube,124,0.5652745925271828,1748.06,50.54,30.45,1,#2ca02c
2025-04-03,ChicHive,YouTube,107,0.6251355158701485,1964.9,83.68,79.27,0,#1f77b4
2025-04-03,ChicHive,Facebook,94,0.3592867518133547,1248.61,64.24,92.68,0,#1f77b4
2025-04-03,ModaPulse,TikTok,79,0.5714638733380176,1401.02,58.16,136.07,1,#2ca02c
2025-04-03,ModaPulse,Twitter,98,0.7206384409421166,2428.79,33.38,102.05,1,#2ca02c
2025-04-04,Trendora,Facebook,149,0.7647447444456396,1795.87,61.34,131.16,2,#ff7f0e
2025-04-04,Trendora,Twitter,185,0.7028622441669652,1290.26,43.88,133.47,2,#ff7f0e
2025-04-04,ChicHive,Facebook,105,0.7263445990520854,1509.28,88.77,90.0,0,#1f77b4
2025-04-04,ChicHive,Instagram,103,0.4454786602165757,1357.95,59.18,67.51,1,#2ca02c
2025-04-04,ModaPulse,Twitter,103,0.6154287866898501,2059.74,31.26,147.3,1,#2ca02c
2025-04-04,ModaPulse,Twitter,93,0.3785304537567297,1748.38,89.09,124.92,0,#1f77b4
2025-04-05,Trendora,Facebook,180,0.4160856733614922,1624.6,55.53,127.64,2,#ff7f0e
2025-04-05,Trendora,Twitter,181,0.5119292759349987,1583.22,52.11,101.92,2,#ff7f0e
2025-04-05,ChicHive,Twitter,112,0.5210202469355936,1290.57,79.97,121.95,0,#1f77b4
2025-04-05,ChicHive,Instagram,91,0.4844510902173524,1773.48,90.56,98.67,0,#1f77b4
2025-04-05,ModaPulse,TikTok,91,0.6050854085523506,1523.84,59.94,115.73,1,#2ca02c
2025-04-05,ModaPulse,TikTok,115,0.2390642773485154,1417.33,42.97,109.46,1,#2ca02c
2025-04-06,Trendora,Facebook,141,0.8031899458077142,1254.81,85.35,54.89,2,#ff7f0e
2025-04-06,Trendora,TikTok,139,0.6211812378689658,1333.93,89.2,91.84,2,#ff7f0e
2025-04-06,ChicHive,YouTube,103,0.6479947786717745,937.22,70.01,97.46,0,#1f77b4
2025-04-06,ChicHive,TikTok,104,0.5276591684697726,935.83,36.08,127.15,1,#2ca02c
2025-04-06,ModaPulse,TikTok,98,0.5945115038485603,2263.86,50.62,119.69,1,#2ca02c
2025-04-06,ModaPulse,TikTok,94,0.8380991481165325,2155.74,33.05,140.66,1,#2ca02c
2025-04-07,Trendora,TikTok,152,0.6439947362495373,1299.92,87.36,54.52,2,#ff7f0e
2025-04-07,Trendora,Instagram,145,0.5064215909063063,1973.67,92.14,145.9,0,#1f77b4
2025-04-07,ChicHive,Instagram,101,0.6201249623993765,1671.34,49.38,135.18,1,#2ca02c
2025-04-07,ChicHive,Instagram,99,0.4187114213636487,1249.51,56.87,103.62,1,#2ca02c
2025-04-07,ModaPulse,Instagram,101,0.7054713813330006,2213.28,80.13,138.38,0,#1f77b4
2025-04-07,ModaPulse,Facebook,111,0.6092862156044995,1747.89,60.6,76.05,1,#2ca02c
2025-04-08,Trendora,YouTube,136,0.665934098832861,1443.3,90.35,164.98,2,#ff7f0e
2025-04-08,Trendora,Twitter,170,0.828834219498981,1331.89,42.14,122.77,2,#ff7f0e
2025-04-08,ChicHive,YouTube,111,0.414065657087964,898.85,64.68,83.3,0,#1f77b4
2025-04-08,ChicHive,YouTube,110,0.4828091250458409,1507.68,86.27,65.26,0,#1f77b4
2025-04-08,ModaPulse,Facebook,92,0.7938090501489784,1700.33,65.79,131.54,0,#1f77b4
2025-04-08,ModaPulse,TikTok,100,0.7951412269547548,1988.58,39.89,122.97,1,#2ca02c
2025-04-09,Trendora,Twitter,156,0.9533783400477518,2167.97,58.97,107.25,2,#ff7f0e
2025-04-09,Trendora,Instagram,148,0.8094279026479303,1950.5,55.66,136.22,2,#ff7f0e
2025-04-09,ChicHive,Facebook,104,0.5741056298563748,1755.47,77.42,126.37,0,#1f77b4
2025-04-09,ChicHive,TikTok,101,0.594596844636834,764.24,37.78,21.99,1,#2ca02c
2025-04-09,ModaPulse,Instagram,110,0.6047237343392994,2276.03,74.01,108.83,0,#1f77b4
2025-04-09,ModaPulse,Facebook,103,0.6506044599520299,1513.01,41.89,119.79,1,#2ca02c
2025-04-10,Trendora,Instagram,145,0.599778542750835,1577.35,62.74,127.43,2,#ff7f0e
2025-04-10,Trendora,Twitter,155,0.5088422298296623,1164.18,79.73,150.42,2,#ff7f0e
2025-04-10,ChicHive,TikTok,98,0.7779218211063448,2116.13,50.14,105.61,1,#2ca02c
2025-04-10,ChicHive,Instagram,87,0.6752686751666461,1964.14,32.84,107.99,1,#2ca02c
2025-04-10,ModaPulse,Twitter,92,0.6170091587950034,2183.6,47.01,132.15,1,#2ca02c
2025-04-10,ModaPulse,Facebook,97,0.5512051613514654,1932.41,42.43,139.22,1,#2ca02c
2025-04-11,Trendora,TikTok,151,0.7989297204383707,2206.6,88.99,122.36,2,#ff7f0e
2025-04-11,Trendora,TikTok,167,0.5427623254421422,1189.39,48.08,119.19,2,#ff7f0e
2025-04-11,ChicHive,Twitter,95,0.5519422410844809,788.24,73.63,98.75,0,#1f77b4
2025-04-11,ChicHive,TikTok,107,0.4124889723043612,2095.36,38.21,127.79,1,#2ca02c
2025-04-11,ModaPulse,Instagram,121,0.4889264840501762,2345.93,90.68,143.83,0,#1f77b4
2025-04-11,ModaPulse,Twitter,91,0.7239347234943702,2533.35,36.76,134.55,1,#2ca02c
2025-04-12,Trendora,YouTube,141,0.2750454564785889,2043.68,50.44,159.98,1,#2ca02c
2025-04-12,Trendora,TikTok,147,0.7844797605200968,1928.88,33.38,145.31,2,#ff7f0e
2025-04-12,ChicHive,Instagram,112,0.4686236390257334,1177.68,61.4,93.13,1,#2ca02c
2025-04-12,ChicHive,Twitter,108,0.7309774711167909,1599.75,80.08,99.7,0,#1f77b4
2025-04-12,ModaPulse,TikTok,91,0.5268549868567556,1425.5,80.71,101.82,0,#1f77b4
2025-04-12,ModaPulse,TikTok,117,0.7088274208163067,2015.4,69.33,60.29,0,#1f77b4
2025-04-13,Trendora,Facebook,152,0.5021547252546233,1508.04,82.83,92.89,2,#ff7f0e
2025-04-13,Trendora,Instagram,177,0.718409824245741,1522.63,37.32,91.98,2,#ff7f0e
2025-04-13,ChicHive,YouTube,119,0.515370573020927,902.38,54.91,94.72,1,#2ca02c
2025-04-13,ChicHive,Facebook,89,0.8135631112960918,1027.49,69.76,100.76,0,#1f77b4
2025-04-13,ModaPulse,Twitter,102,0.5400150014836025,1701.93,88.18,115.94,0,#1f77b4
2025-04-13,ModaPulse,Twitter,98,0.5961979087874363,1192.24,60.77,133.72,1,#2ca02c
2025-04-14,Trendora,YouTube,154,0.5839816233949855,2259.49,83.26,74.92,2,#ff7f0e
2025-04-14,Trendora,TikTok,165,0.7400847926273144,1644.7,89.43,128.0,2,#ff7f0e
2025-04-14,ChicHive,Facebook,93,0.6833912177468763,738.02,33.28,59.41,1,#2ca02c
2025-04-14,ChicHive,TikTok,90,0.5445134295814279,1371.96,53.07,39.87,1,#2ca02c
2025-04-14,ModaPulse,Twitter,95,0.578268215707817,2017.22,57.96,110.52,1,#2ca02c
2025-04-14,ModaPulse,Facebook,84,0.7074068623560741,2517.32,33.48,168.75,1,#2ca02c
2025-04-15,Trendora,Twitter,135,0.7030625750819377,913.73,65.42,122.89,2,#ff7f0e
2025-04-15,Trendora,YouTube,164,0.691639909015958,1002.09,93.59,119.34,2,#ff7f0e
2025-04-15,ChicHive,YouTube,88,0.80864585370021,957.61,38.39,58.59,1,#2ca02c
2025-04-15,ChicHive,Instagram,114,0.5231524034311358,1886.62,32.03,83.09,1,#2ca02c
2025-04-15,ModaPulse,Twitter,94,0.61608119430602,1872.46,58.78,81.05,1,#2ca02c
2025-04-15,ModaPulse,TikTok,106,1.0,1770.08,77.98,104.58,0,#1f77b4
2025-04-16,Trendora,YouTube,138,0.7678101757389506,1357.61,91.24,65.39,2,#ff7f0e
2025-04-16,Trendora,YouTube,140,0.7410293156712645,1839.66,64.69,88.14,2,#ff7f0e
2025-04-16,ChicHive,Twitter,121,0.583954279521228,2276.9,63.32,91.76,0,#1f77b4
2025-04-16,ChicHive,Instagram,99,0.34521454340656,1431.33,32.74,111.08,1,#2ca02c
2025-04-16,ModaPulse,TikTok,100,0.6765186541875112,1740.25,94.02,129.47,0,#1f77b4
2025-04-16,ModaPulse,Facebook,99,0.7043065854602594,1972.91,54.26,149.79,1,#2ca02c
2025-04-17,Trendora,Instagram,150,0.8654826358080486,2076.78,36.47,96.35,2,#ff7f0e
2025-04-17,Trendora,Facebook,129,0.7389936990465537,2123.27,35.8,77.36,1,#2ca02c
2025-04-17,ChicHive,TikTok,98,0.605057858235158,1607.44,74.68,83.77,0,#1f77b4
2025-04-17,ChicHive,Instagram,98,0.5580427066019441,794.22,34.0,107.28,1,#2ca02c
2025-04-17,ModaPulse,TikTok,89,0.434522342815036,2328.22,34.26,136.82,1,#2ca02c
2025-04-17,ModaPulse,YouTube,97,0.8656058476100699,2264.88,93.09,92.36,0,#1f77b4
2025-04-18,Trendora,Twitter,137,0.4759735332620284,650.42,46.52,118.52,2,#ff7f0e
2025-04-18,Trendora,Instagram,151,0.8963704962944916,1143.85,74.85,135.69,2,#ff7f0e
2025-04-18,ChicHive,TikTok,97,0.2664638748094204,1292.77,36.54,127.06,1,#2ca02c
2025-04-18,ChicHive,Facebook,105,0.4112377754152618,949.91,43.67,95.53,1,#2ca02c
2025-04-18,ModaPulse,Instagram,91,0.5019805656412789,1845.38,71.55,86.0,0,#1f77b4
2025-04-18,ModaPulse,Instagram,106,0.7841699981777528,2313.59,37.56,88.3,1,#2ca02c
2025-04-19,Trendora,Facebook,151,0.8008440112060603,899.81,86.64,85.23,2,#ff7f0e
2025-04-19,Trendora,YouTube,141,0.6276487637180894,1785.27,53.94,114.28,2,#ff7f0e
2025-04-19,ChicHive,TikTok,96,0.6676443952164715,1902.69,69.92,125.56,0,#1f77b4
2025-04-19,ChicHive,Instagram,100,0.5199852380073764,2336.63,30.83,99.12,1,#2ca02c
2025-04-19,ModaPulse,YouTube,113,0.4659380971374428,1844.81,58.57,55.9,1,#2ca02c
2025-04-19,ModaPulse,Instagram,105,0.5853223844677312,2040.41,82.49,131.74,0,#1f77b4
2025-04-20,Trendora,TikTok,132,0.8196776052073208,750.62,85.97,110.04,2,#ff7f0e
2025-04-20,Trendora,Instagram,156,0.772925686219881,1565.23,91.51,93.44,2,#ff7f0e
2025-04-20,ChicHive,YouTube,97,0.7008584006417073,1566.66,84.4,106.34,0,#1f77b4
2025-04-20,ChicHive,Twitter,110,0.4654117608752825,1798.5,33.66,83.05,1,#2ca02c
2025-04-20,ModaPulse,TikTok,96,0.8510162828434478,2176.7,53.06,153.94,1,#2ca02c
2025-04-20,ModaPulse,Twitter,101,0.8687506065785301,1860.06,37.75,114.93,1,#2ca02c
2025-04-21,Trendora,YouTube,139,0.7739325957777804,1833.44,81.29,92.53,2,#ff7f0e
2025-04-21,Trendora,YouTube,146,0.4424234995206574,1553.73,94.3,103.79,0,#1f77b4
2025-04-21,ChicHive,Twitter,89,0.4925139767363842,1823.84,83.93,106.42,0,#1f77b4
2025-04-21,ChicHive,Twitter,97,0.617637252099283,2383.37,59.22,85.14,1,#2ca02c
2025-04-21,ModaPulse,TikTok,90,0.8052119025732901,2050.36,77.81,100.76,0,#1f77b4
2025-04-21,ModaPulse,TikTok,107,0.6489066564548789,1956.52,65.25,110.54,0,#1f77b4
2025-04-22,Trendora,Instagram,135,0.9479964455767796,1749.23,89.58,145.34,2,#ff7f0e
2025-04-22,Trendora,Twitter,146,0.8818552176852854,1537.71,73.88,94.09,2,#ff7f0e
2025-04-22,ChicHive,Instagram,98,0.4804329650662529,1516.37,42.48,112.47,1,#2ca02c
2025-04-22,ChicHive,TikTok,115,0.7130603455767672,1875.49,41.48,69.42,1,#2ca02c
2025-04-22,ModaPulse,TikTok,102,0.7728972154892538,1513.04,42.21,82.54,1,#2ca02c
2025-04-22,ModaPulse,YouTube,91,0.7714979735942353,1425.86,59.15,105.52,1,#2ca02c
2025-04-23,Trendora,Twitter,143,0.6911919359343056,1678.61,85.97,90.56,2,#ff7f0e
2025-04-23,Trendora,TikTok,157,0.7339394974853212,1816.29,58.63,127.64,2,#ff7f0e
2025-04-23,ChicHive,TikTok,115,0.9738275997901028,1389.95,51.16,97.23,2,#ff7f0e
2025-04-23,ChicHive,Twitter,104,0.5562765868119972,1482.59,51.62,89.63,1,#2ca02c
2025-04-23,ModaPulse,Instagram,98,0.6753749544193935,1643.7,63.45,104.6,0,#1f77b4
2025-04-23,ModaPulse,Facebook,103,0.4464403719379244,2235.45,78.97,138.21,0,#1f77b4
2025-04-24,Trendora,Facebook,158,1.0,1357.56,32.49,152.4,2,#ff7f0e
2025-04-24,Trendora,Instagram,150,0.7849637541981648,1844.79,75.03,86.41,2,#ff7f0e
2025-04-24,ChicHive,Facebook,113,0.6511823763738049,2100.11,87.38,144.15,0,#1f77b4
2025-04-24,ChicHive,TikTok,102,1.0,2428.4,61.36,115.09,1,#2ca02c
2025-04-24,ModaPulse,TikTok,84,0.4746466492469945,2438.89,49.91,111.47,1,#2ca02c
2025-04-24,ModaPulse,Twitter,103,0.6801815420184285,1666.23,74.82,163.42,0,#1f77b4
2025-04-25,Trendora,Facebook,144,0.4995147249527619,2034.66,33.2,121.38,1,#2ca02c
2025-04-25,Trendora,Facebook,160,0.6285403359097727,981.27,59.07,103.57,2,#ff7f0e
2025-04-25,ChicHive,Facebook,98,0.7118041086116813,1537.41,30.35,109.96,1,#2ca02c
2025-04-25,ChicHive,Twitter,87,0.6368106091808717,1781.33,65.26,96.94,0,#1f77b4
2025-04-25,ModaPulse,Twitter,101,0.6349564427294225,1712.77,89.45,135.61,0,#1f77b4
2025-04-25,ModaPulse,Instagram,83,0.4348450371174533,2203.99,49.58,101.84,1,#2ca02c
